,Batch size,Search space size,Migrating clones F1,Migration graph F1
0,64,381469726.5625,1.0,1.0
1,64,381469726.5625,0.8888888888888888,0.6666666666666666
2,64,381469726.5625,1.0,1.0
3,64,381469726.5625,0.8888888888888888,0.6666666666666666
4,64,381469726.5625,1.0,1.0
5,64,381469726.5625,0.8888888888888888,0.6666666666666666
6,64,381469726.5625,1.0,1.0
7,64,381469726.5625,0.8888888888888888,0.6666666666666666
8,64,381469726.5625,1.0,1.0
9,64,381469726.5625,0.8888888888888888,0.6666666666666666
10,64,122070.3125,1.0,0.8888888888888888
11,64,122070.3125,0.8571428571428572,0.8235294117647058
12,64,122070.3125,1.0,1.0
13,64,122070.3125,1.0,0.9230769230769229
14,64,122070.3125,1.0,0.8888888888888888
15,64,122070.3125,0.7499999999999999,0.8235294117647058
16,64,122070.3125,1.0,1.0
17,64,122070.3125,1.0,0.9230769230769229
18,64,122070.3125,1.0,0.8888888888888888
19,64,122070.3125,1.0,0.8235294117647058
20,64,122070.3125,1.0,1.0
21,64,122070.3125,1.0,0.9230769230769229
22,64,122070.3125,1.0,0.8888888888888888
23,64,122070.3125,1.0,0.8235294117647058
24,64,122070.3125,1.0,1.0
25,64,122070.3125,1.0,0.9230769230769229
26,64,122070.3125,1.0,0.8888888888888888
27,64,122070.3125,1.0,0.8235294117647058
28,64,122070.3125,1.0,1.0
29,64,122070.3125,1.0,0.9230769230769229
30,64,4882.8125,1.0,0.75
31,64,4882.8125,0.8888888888888888,0.8571428571428571
32,64,4882.8125,0.8571428571428572,0.7272727272727273
33,64,4882.8125,1.0,0.75
34,64,4882.8125,0.8888888888888888,0.8571428571428571
35,64,4882.8125,0.8571428571428572,0.7272727272727273
36,64,4882.8125,1.0,0.75
37,64,4882.8125,0.8888888888888888,0.8571428571428571
38,64,4882.8125,0.8571428571428572,0.7272727272727273
39,64,4882.8125,1.0,0.75
40,64,4882.8125,0.8,0.8571428571428571
41,64,4882.8125,0.8571428571428572,0.8
42,64,4882.8125,1.0,0.75
43,64,4882.8125,0.8888888888888888,0.8571428571428571
44,64,4882.8125,0.8571428571428572,0.7272727272727273
45,64,1.5625,1.0,0.75
46,64,1.5625,1.0,0.75
47,64,1.5625,1.0,0.75
48,64,1.5625,1.0,0.75
49,64,1.5625,1.0,0.75
50,64,3051757.8125,1.0,0.8
51,64,3051757.8125,0.75,1.0
52,64,3051757.8125,1.0,0.9090909090909091
53,64,3051757.8125,1.0,0.5
54,64,3051757.8125,0.75,0.26666666666666666
55,64,3051757.8125,1.0,0.8
56,64,3051757.8125,0.75,1.0
57,64,3051757.8125,1.0,0.9090909090909091
58,64,3051757.8125,1.0,0.5
59,64,3051757.8125,0.75,0.26666666666666666
60,64,3051757.8125,1.0,0.8
61,64,3051757.8125,0.75,1.0
62,64,3051757.8125,1.0,0.9090909090909091
63,64,3051757.8125,1.0,0.5
64,64,3051757.8125,0.75,0.26666666666666666
65,64,3051757.8125,1.0,0.8
66,64,3051757.8125,0.75,1.0
67,64,3051757.8125,1.0,0.9090909090909091
68,64,3051757.8125,1.0,0.5
69,64,3051757.8125,0.75,0.26666666666666666
70,64,3051757.8125,1.0,0.8
71,64,3051757.8125,0.75,1.0
72,64,3051757.8125,1.0,0.9090909090909091
73,64,3051757.8125,1.0,0.5
74,64,3051757.8125,0.75,0.26666666666666666
75,64,13162170384226.713,1.0,0.8333333333333334
76,64,13162170384226.713,1.0,0.8333333333333334
77,64,13162170384226.713,1.0,0.8333333333333334
78,64,13162170384226.713,1.0,0.8333333333333334
79,64,13162170384226.713,1.0,0.8333333333333334
80,64,976.5625,1.0,0.8888888888888888
81,64,976.5625,1.0,0.7272727272727273
82,64,976.5625,1.0,0.8888888888888888
83,64,976.5625,1.0,0.7272727272727273
84,64,976.5625,1.0,0.8888888888888888
85,64,976.5625,1.0,0.7272727272727273
86,64,976.5625,1.0,0.8888888888888888
87,64,976.5625,1.0,0.7272727272727273
88,64,976.5625,1.0,0.8888888888888888
89,64,976.5625,1.0,0.7272727272727273
90,64,24414.0625,1.0,1.0
91,64,24414.0625,1.0,0.8888888888888888
92,64,24414.0625,0.7499999999999999,0.5
93,64,24414.0625,0.8571428571428572,0.8
94,64,24414.0625,1.0,0.7692307692307694
95,64,24414.0625,1.0,0.8333333333333334
96,64,24414.0625,1.0,0.6666666666666666
97,64,24414.0625,1.0,1.0
98,64,24414.0625,1.0,0.8888888888888888
99,64,24414.0625,0.7499999999999999,0.6666666666666666
100,64,24414.0625,0.8571428571428572,0.8
101,64,24414.0625,1.0,0.7692307692307694
102,64,24414.0625,1.0,0.8333333333333334
103,64,24414.0625,0.8571428571428572,0.5
104,64,24414.0625,1.0,1.0
105,64,24414.0625,1.0,0.8888888888888888
106,64,24414.0625,0.5714285714285714,0.6666666666666666
107,64,24414.0625,0.8571428571428572,0.8
108,64,24414.0625,1.0,0.7692307692307694
109,64,24414.0625,1.0,0.8333333333333334
110,64,24414.0625,0.8571428571428572,0.5
111,64,24414.0625,1.0,0.8888888888888888
112,64,24414.0625,1.0,0.8888888888888888
113,64,24414.0625,0.5714285714285714,0.6666666666666666
114,64,24414.0625,0.8571428571428572,0.8
115,64,24414.0625,1.0,0.7692307692307694
116,64,24414.0625,1.0,0.8333333333333334
117,64,24414.0625,0.8571428571428572,0.5
118,64,24414.0625,1.0,0.8888888888888888
119,64,24414.0625,1.0,0.8888888888888888
120,64,24414.0625,0.7499999999999999,0.6666666666666666
121,64,24414.0625,0.8571428571428572,0.8
122,64,24414.0625,1.0,0.7692307692307694
123,64,24414.0625,1.0,0.8333333333333334
124,64,24414.0625,0.8571428571428572,0.5
125,64,195.3125,1.0,0.6000000000000001
126,64,195.3125,1.0,0.6000000000000001
127,64,195.3125,1.0,0.6000000000000001
128,64,195.3125,1.0,0.6000000000000001
129,64,195.3125,1.0,0.6000000000000001
130,64,76293945.3125,1.0,0.8571428571428572
131,64,76293945.3125,0.5714285714285714,0.8333333333333334
132,64,76293945.3125,0.8571428571428572,0.875
133,64,76293945.3125,0.8888888888888888,0.5
134,64,76293945.3125,1.0,0.9230769230769229
135,64,76293945.3125,0.5714285714285714,0.8333333333333334
136,64,76293945.3125,0.6000000000000001,0.823529411764706
137,64,76293945.3125,0.8888888888888888,0.5
138,64,76293945.3125,1.0,0.9230769230769229
139,64,76293945.3125,0.5714285714285714,0.8333333333333334
140,64,76293945.3125,0.5454545454545454,0.823529411764706
141,64,76293945.3125,0.8888888888888888,0.5
142,64,76293945.3125,1.0,0.9230769230769229
143,64,76293945.3125,0.5714285714285714,0.8333333333333334
144,64,76293945.3125,0.8571428571428572,0.875
145,64,76293945.3125,0.8888888888888888,0.5
146,64,76293945.3125,1.0,0.9230769230769229
147,64,76293945.3125,0.5714285714285714,0.8333333333333334
148,64,76293945.3125,0.8571428571428572,0.875
149,64,76293945.3125,0.8888888888888888,0.5
150,64,15258789.0625,1.0,0.6153846153846154
151,64,15258789.0625,1.0,0.6153846153846154
152,64,15258789.0625,1.0,0.6153846153846154
153,64,15258789.0625,1.0,0.6153846153846154
154,64,15258789.0625,1.0,0.6153846153846154
155,64,1692665944.4736,1.0,1.0
156,64,1692665944.4736,1.0,0.7142857142857143
157,64,1692665944.4736,1.0,1.0
158,64,1692665944.4736,1.0,0.7142857142857143
159,64,1692665944.4736,1.0,1.0
160,64,1692665944.4736,1.0,0.7142857142857143
161,64,1692665944.4736,1.0,1.0
162,64,1692665944.4736,1.0,0.7142857142857143
163,64,1692665944.4736,1.0,1.0
164,64,1692665944.4736,1.0,0.7142857142857143
165,64,610351.5625,1.0,0.7692307692307694
166,64,610351.5625,1.0,0.7692307692307694
167,64,610351.5625,1.0,0.7692307692307694
168,64,610351.5625,1.0,0.7692307692307694
169,64,610351.5625,1.0,0.7692307692307694
170,64,390982104858298.8,0.6666666666666666,0.8571428571428572
171,64,390982104858298.8,0.8,0.8
172,64,390982104858298.8,0.8,0.8
173,64,390982104858298.8,1.0,0.8
174,64,390982104858298.8,1.0,0.8
175,64,47018498.4576,1.0,0.8333333333333334
176,64,47018498.4576,1.0,0.8333333333333334
177,64,47018498.4576,1.0,0.8333333333333334
178,64,47018498.4576,1.0,0.8333333333333334
179,64,47018498.4576,1.0,0.8333333333333334
180,64,7836416.4096,1.0,0.7692307692307694
181,64,7836416.4096,1.0,0.9473684210526315
182,64,7836416.4096,1.0,0.7692307692307694
183,64,7836416.4096,1.0,0.9473684210526315
184,64,7836416.4096,1.0,0.7692307692307694
185,64,7836416.4096,1.0,0.9473684210526315
186,64,7836416.4096,1.0,0.7692307692307694
187,64,7836416.4096,1.0,0.9473684210526315
188,64,7836416.4096,1.0,0.7692307692307694
189,64,7836416.4096,1.0,0.9473684210526315
190,64,23263051398.7207,0.8888888888888888,0.1111111111111111
191,64,23263051398.7207,0.8888888888888888,0.4
192,64,23263051398.7207,0.8888888888888888,0.1111111111111111
193,64,23263051398.7207,0.8888888888888888,0.4
194,64,23263051398.7207,0.8,0.1111111111111111
195,64,23263051398.7207,0.8888888888888888,0.4
196,64,23263051398.7207,0.8888888888888888,0.1111111111111111
197,64,23263051398.7207,0.8888888888888888,0.4
198,64,23263051398.7207,0.8888888888888888,0.1111111111111111
199,64,23263051398.7207,0.8888888888888888,0.4
200,64,5.233476330273605e+22,1.0,0.7777777777777779
201,64,5.233476330273605e+22,1.0,0.7777777777777779
202,64,5.233476330273605e+22,1.0,0.7368421052631579
203,64,5.233476330273605e+22,1.0,0.7777777777777779
204,64,5.233476330273605e+22,1.0,0.7777777777777779
205,64,115292150460684.7,1.0,0.9333333333333333
206,64,115292150460684.7,1.0,0.8235294117647058
207,64,115292150460684.7,1.0,0.875
208,64,115292150460684.7,1.0,0.8421052631578947
209,64,115292150460684.7,1.0,1.0
210,64,115292150460684.7,1.0,0.8235294117647058
211,64,115292150460684.7,1.0,0.875
212,64,115292150460684.7,1.0,0.8421052631578947
213,64,115292150460684.7,1.0,1.0
214,64,115292150460684.7,1.0,0.8235294117647058
215,64,115292150460684.7,1.0,0.875
216,64,115292150460684.7,1.0,0.8421052631578947
217,64,115292150460684.7,1.0,1.0
218,64,115292150460684.7,1.0,0.8235294117647058
219,64,115292150460684.7,1.0,0.875
220,64,115292150460684.7,1.0,0.8421052631578947
221,64,115292150460684.7,1.0,1.0
222,64,115292150460684.7,1.0,0.8235294117647058
223,64,115292150460684.7,1.0,0.875
224,64,115292150460684.7,1.0,0.8421052631578947
225,64,14411518807585.588,0.6666666666666666,0.6666666666666666
226,64,14411518807585.588,0.8,1.0
227,64,14411518807585.588,0.8888888888888888,0.13333333333333333
228,64,14411518807585.588,1.0,0.9473684210526315
229,64,14411518807585.588,0.6666666666666666,0.6666666666666666
230,64,14411518807585.588,1.0,1.0
231,64,14411518807585.588,0.8888888888888888,0.13333333333333333
232,64,14411518807585.588,1.0,0.8421052631578947
233,64,14411518807585.588,0.6,0.6666666666666666
234,64,14411518807585.588,0.8,1.0
235,64,14411518807585.588,1.0,0.0
236,64,14411518807585.588,1.0,0.9473684210526315
237,64,14411518807585.588,0.6666666666666666,0.8
238,64,14411518807585.588,0.8,1.0
239,64,14411518807585.588,0.8888888888888888,0.13333333333333333
240,64,14411518807585.588,1.0,0.8421052631578947
241,64,14411518807585.588,0.6666666666666666,0.6666666666666666
242,64,14411518807585.588,0.8,1.0
243,64,14411518807585.588,0.8888888888888888,0.13333333333333333
244,64,14411518807585.588,1.0,0.9473684210526315
245,64,1667718169966.657,1.0,0.631578947368421
246,64,1667718169966.657,1.0,0.6000000000000001
247,64,1667718169966.657,1.0,0.631578947368421
248,64,1667718169966.657,1.0,0.631578947368421
249,64,1667718169966.657,1.0,0.631578947368421
250,64,6.461081889226673e+20,1.0,0.8888888888888888
251,64,6.461081889226673e+20,1.0,0.8888888888888888
252,64,6.461081889226673e+20,1.0,0.8888888888888888
253,64,6.461081889226673e+20,1.0,0.8888888888888888
254,64,6.461081889226673e+20,1.0,0.8888888888888888
255,64,5.814973700304006e+21,1.0,0.7777777777777779
256,64,5.814973700304006e+21,0.9230769230769229,0.5333333333333333
257,64,5.814973700304006e+21,0.6666666666666666,0.38095238095238093
258,64,5.814973700304006e+21,1.0,0.7777777777777779
259,64,5.814973700304006e+21,0.9230769230769229,0.5333333333333333
260,64,5.814973700304006e+21,0.75,0.38095238095238093
261,64,5.814973700304006e+21,1.0,0.7777777777777779
262,64,5.814973700304006e+21,0.9230769230769229,0.5517241379310345
263,64,5.814973700304006e+21,0.75,0.38095238095238093
264,64,5.814973700304006e+21,1.0,0.7777777777777779
265,64,5.814973700304006e+21,0.9230769230769229,0.6206896551724138
266,64,5.814973700304006e+21,0.75,0.38095238095238093
267,64,5.814973700304006e+21,1.0,0.7058823529411765
268,64,5.814973700304006e+21,0.9230769230769229,0.6000000000000001
269,64,5.814973700304006e+21,0.7083333333333333,0.38095238095238093
270,64,135085171767299.2,1.0,1.0
271,64,135085171767299.2,1.0,1.0
272,64,135085171767299.2,1.0,1.0
273,64,135085171767299.2,1.0,1.0
274,64,135085171767299.2,1.0,1.0
275,64,225179981368.5248,1.0,0.9333333333333333
276,64,225179981368.5248,1.0,0.9333333333333333
277,64,225179981368.5248,1.0,0.9333333333333333
278,64,225179981368.5248,1.0,0.9333333333333333
279,64,225179981368.5248,1.0,0.9333333333333333
280,64,2287679245.4961,1.0,0.4444444444444444
281,64,2287679245.4961,1.0,0.4444444444444444
282,64,2287679245.4961,0.8,0.4444444444444444
283,64,2287679245.4961,1.0,0.4444444444444444
284,64,2287679245.4961,1.0,0.4444444444444444
285,64,922337203685477.6,0.8888888888888888,0.16
286,64,922337203685477.6,1.0,0.8695652173913044
287,64,922337203685477.6,0.8333333333333334,0.3157894736842105
288,64,922337203685477.6,0.8888888888888888,0.16
289,64,922337203685477.6,1.0,0.6956521739130435
290,64,922337203685477.6,0.9090909090909091,0.3157894736842105
291,64,922337203685477.6,0.8888888888888888,0.16
292,64,922337203685477.6,1.0,0.9565217391304348
293,64,922337203685477.6,0.8333333333333334,0.3157894736842105
294,64,922337203685477.6,0.8888888888888888,0.16
295,64,922337203685477.6,1.0,0.8181818181818182
296,64,922337203685477.6,0.9090909090909091,0.3157894736842105
297,64,922337203685477.6,0.8888888888888888,0.16
298,64,922337203685477.6,1.0,0.6086956521739131
299,64,922337203685477.6,0.9090909090909091,0.3157894736842105
300,64,5.902958103587057e+16,0.8571428571428572,0.9090909090909091
301,64,5.902958103587057e+16,0.8571428571428572,0.9090909090909091
302,64,5.902958103587057e+16,0.8571428571428572,0.9090909090909091
303,64,5.902958103587057e+16,0.8571428571428572,0.9090909090909091
304,64,5.902958103587057e+16,0.8571428571428572,0.9090909090909091
305,64,8.8629381196525e+17,1.0,0.45454545454545453
306,64,8.8629381196525e+17,1.0,0.45454545454545453
307,64,8.8629381196525e+17,1.0,0.45454545454545453
308,64,8.8629381196525e+17,1.0,0.45454545454545453
309,64,8.8629381196525e+17,1.0,0.45454545454545453
310,64,4.7223664828696454e+17,1.0,0.6
311,64,4.7223664828696454e+17,1.0,0.6
312,64,4.7223664828696454e+17,1.0,0.5
313,64,4.7223664828696454e+17,1.0,0.6
314,64,4.7223664828696454e+17,1.0,0.6
315,64,1801439850948.1985,1.0,0.38095238095238093
316,64,1801439850948.1985,0.9230769230769229,0.6666666666666666
317,64,1801439850948.1985,1.0,1.0
318,64,1801439850948.1985,0.8,0.7619047619047619
319,64,1801439850948.1985,1.0,0.38095238095238093
320,64,1801439850948.1985,0.9230769230769229,0.6666666666666666
321,64,1801439850948.1985,1.0,1.0
322,64,1801439850948.1985,0.8,0.7619047619047619
323,64,1801439850948.1985,1.0,0.38095238095238093
324,64,1801439850948.1985,0.9230769230769229,0.6666666666666666
325,64,1801439850948.1985,1.0,1.0
326,64,1801439850948.1985,0.8,0.7619047619047619
327,64,1801439850948.1985,1.0,0.38095238095238093
328,64,1801439850948.1985,0.9230769230769229,0.6666666666666666
329,64,1801439850948.1985,1.0,1.0
330,64,1801439850948.1985,0.8,0.7619047619047619
331,64,1801439850948.1985,1.0,0.38095238095238093
332,64,1801439850948.1985,0.9230769230769229,0.6666666666666666
333,64,1801439850948.1985,1.0,1.0
334,64,1801439850948.1985,0.6666666666666666,0.7619047619047619
335,64,9.847709021836112e+16,0.9230769230769229,0.8571428571428572
336,64,9.847709021836112e+16,0.9230769230769229,0.8571428571428572
337,64,9.847709021836112e+16,0.9230769230769229,0.8571428571428572
338,64,9.847709021836112e+16,0.9230769230769229,0.8571428571428572
339,64,9.847709021836112e+16,0.9230769230769229,0.8571428571428572
340,64,1e+24,1.0,0.18749999999999997
341,64,1e+24,0.875,0.64
342,64,1e+24,1.0,0.5806451612903226
343,64,1e+24,0.7499999999999999,0.6666666666666666
344,64,1e+24,0.9090909090909091,0.19354838709677422
345,64,1e+24,0.875,0.64
346,64,1e+24,1.0,0.5806451612903226
347,64,1e+24,0.875,0.64
348,64,1e+24,1.0,0.5806451612903226
349,64,1e+24,0.875,0.6666666666666666
350,64,7378697629483821.0,1.0,0.7368421052631579
351,64,7378697629483821.0,0.6666666666666666,0.9473684210526315
352,64,7378697629483821.0,1.0,0.7368421052631579
353,64,7378697629483821.0,0.6666666666666666,0.9473684210526315
354,64,7378697629483821.0,1.0,0.8999999999999999
355,64,7378697629483821.0,0.6666666666666666,0.9473684210526315
356,64,7378697629483821.0,1.0,0.7368421052631579
357,64,7378697629483821.0,0.6666666666666666,0.9473684210526315
358,64,7378697629483821.0,1.0,0.7368421052631579
359,64,7378697629483821.0,0.6666666666666666,0.9473684210526315
360,64,3.022314549036573e+19,1.0,1.0
361,64,3.022314549036573e+19,1.0,1.0
362,64,3.022314549036573e+19,1.0,1.0
363,64,3.022314549036573e+19,1.0,1.0
364,64,3.022314549036573e+19,1.0,1.0
365,64,28147497671.0656,0.8571428571428572,0.8181818181818181
366,64,28147497671.0656,0.8571428571428572,0.8181818181818181
367,64,28147497671.0656,0.8571428571428572,0.8181818181818181
368,64,28147497671.0656,0.8571428571428572,0.8181818181818181
369,64,28147497671.0656,0.8571428571428572,0.8181818181818181
370,64,3.7778931862957164e+18,0.9090909090909091,0.8999999999999999
371,64,3.7778931862957164e+18,0.9090909090909091,0.6363636363636364
372,64,3.7778931862957164e+18,0.8333333333333334,0.8999999999999999
373,64,3.7778931862957164e+18,0.9090909090909091,0.6363636363636364
374,64,3.7778931862957164e+18,0.9090909090909091,0.8999999999999999
375,64,3.7778931862957164e+18,0.9090909090909091,0.6363636363636364
376,64,3.7778931862957164e+18,0.9090909090909091,0.8999999999999999
377,64,3.7778931862957164e+18,0.9090909090909091,0.6363636363636364
378,64,3.7778931862957164e+18,0.9090909090909091,0.8999999999999999
379,64,3.7778931862957164e+18,0.9090909090909091,0.6363636363636364
380,64,1.9342813113834068e+21,0.9090909090909091,0.4545454545454546
381,64,1.9342813113834068e+21,0.8571428571428572,0.5
382,64,1.9342813113834068e+21,0.9090909090909091,0.4545454545454546
383,64,1.9342813113834068e+21,0.8571428571428572,0.5263157894736842
384,64,1.9342813113834068e+21,0.9090909090909091,0.4545454545454546
385,64,1.9342813113834068e+21,0.8571428571428572,0.5263157894736842
386,64,1.9342813113834068e+21,0.9090909090909091,0.4545454545454546
387,64,1.9342813113834068e+21,0.8571428571428572,0.5263157894736842
388,64,1.9342813113834068e+21,0.9090909090909091,0.4545454545454546
389,64,1.9342813113834068e+21,0.8571428571428572,0.5
390,64,1.0941898913151236e+16,1.0,0.6666666666666666
391,64,1.0941898913151236e+16,1.0,0.6666666666666666
392,64,1.0941898913151236e+16,1.0,0.6666666666666666
393,64,1.0941898913151236e+16,1.0,0.47619047619047616
394,64,1.0941898913151236e+16,1.0,0.47619047619047616
395,64,1.4420993610649923e+25,1.0,0.14814814814814814
396,64,1.4420993610649923e+25,1.0,0.8888888888888888
397,64,1.4420993610649923e+25,1.0,0.14814814814814814
398,64,1.4420993610649923e+25,1.0,0.8888888888888888
399,64,1.4420993610649923e+25,1.0,0.8888888888888888
400,256,381469726.5625,1.0,1.0
401,256,381469726.5625,0.8888888888888888,0.6666666666666666
402,256,381469726.5625,1.0,1.0
403,256,381469726.5625,0.8888888888888888,0.6666666666666666
404,256,381469726.5625,1.0,1.0
405,256,381469726.5625,0.8888888888888888,0.6666666666666666
406,256,381469726.5625,1.0,1.0
407,256,381469726.5625,0.8888888888888888,0.6666666666666666
408,256,381469726.5625,1.0,1.0
409,256,381469726.5625,0.8888888888888888,0.6666666666666666
410,256,122070.3125,1.0,0.8888888888888888
411,256,122070.3125,1.0,0.8235294117647058
412,256,122070.3125,1.0,1.0
413,256,122070.3125,1.0,0.9230769230769229
414,256,122070.3125,1.0,0.8888888888888888
415,256,122070.3125,1.0,0.8235294117647058
416,256,122070.3125,1.0,1.0
417,256,122070.3125,1.0,0.9230769230769229
418,256,122070.3125,1.0,0.8888888888888888
419,256,122070.3125,1.0,0.8235294117647058
420,256,122070.3125,1.0,1.0
421,256,122070.3125,1.0,0.9230769230769229
422,256,122070.3125,1.0,0.8888888888888888
423,256,122070.3125,1.0,0.8235294117647058
424,256,122070.3125,1.0,1.0
425,256,122070.3125,1.0,0.9230769230769229
426,256,122070.3125,1.0,0.8888888888888888
427,256,122070.3125,1.0,0.8235294117647058
428,256,122070.3125,1.0,1.0
429,256,122070.3125,1.0,0.9230769230769229
430,256,4882.8125,1.0,0.75
431,256,4882.8125,0.8888888888888888,0.8571428571428571
432,256,4882.8125,0.8571428571428572,0.7272727272727273
433,256,4882.8125,1.0,0.75
434,256,4882.8125,0.8,0.8571428571428571
435,256,4882.8125,0.8571428571428572,0.8
436,256,4882.8125,1.0,0.75
437,256,4882.8125,0.8,0.8571428571428571
438,256,4882.8125,0.8571428571428572,0.7272727272727273
439,256,4882.8125,1.0,0.75
440,256,4882.8125,0.8,0.8571428571428571
441,256,4882.8125,0.8571428571428572,0.8
442,256,4882.8125,1.0,0.75
443,256,4882.8125,0.8888888888888888,0.8571428571428571
444,256,4882.8125,0.8571428571428572,0.7272727272727273
445,256,1.5625,1.0,0.75
446,256,1.5625,1.0,0.75
447,256,1.5625,1.0,0.75
448,256,1.5625,1.0,0.75
449,256,1.5625,1.0,0.75
450,256,3051757.8125,1.0,0.8
451,256,3051757.8125,0.75,1.0
452,256,3051757.8125,1.0,0.9090909090909091
453,256,3051757.8125,1.0,0.5
454,256,3051757.8125,0.75,0.26666666666666666
455,256,3051757.8125,1.0,0.8
456,256,3051757.8125,0.75,1.0
457,256,3051757.8125,1.0,0.9090909090909091
458,256,3051757.8125,1.0,0.5
459,256,3051757.8125,0.75,0.26666666666666666
460,256,3051757.8125,1.0,0.8
461,256,3051757.8125,0.75,1.0
462,256,3051757.8125,1.0,0.9090909090909091
463,256,3051757.8125,1.0,0.5
464,256,3051757.8125,0.75,0.26666666666666666
465,256,3051757.8125,1.0,0.8
466,256,3051757.8125,0.75,1.0
467,256,3051757.8125,1.0,0.9090909090909091
468,256,3051757.8125,1.0,0.5
469,256,3051757.8125,0.75,0.26666666666666666
470,256,3051757.8125,1.0,0.8
471,256,3051757.8125,0.75,1.0
472,256,3051757.8125,1.0,0.9090909090909091
473,256,3051757.8125,1.0,0.5
474,256,3051757.8125,0.75,0.26666666666666666
475,256,13162170384226.713,1.0,0.7692307692307692
476,256,13162170384226.713,1.0,0.8333333333333334
477,256,13162170384226.713,1.0,0.8333333333333334
478,256,13162170384226.713,1.0,0.8333333333333334
479,256,13162170384226.713,1.0,0.8333333333333334
480,256,976.5625,1.0,0.8888888888888888
481,256,976.5625,1.0,0.7272727272727273
482,256,976.5625,1.0,0.8888888888888888
483,256,976.5625,1.0,0.7272727272727273
484,256,976.5625,1.0,0.8888888888888888
485,256,976.5625,1.0,0.7272727272727273
486,256,976.5625,1.0,0.8888888888888888
487,256,976.5625,1.0,0.7272727272727273
488,256,976.5625,1.0,0.8888888888888888
489,256,976.5625,1.0,0.7272727272727273
490,256,24414.0625,1.0,0.8888888888888888
491,256,24414.0625,1.0,0.8888888888888888
492,256,24414.0625,0.7499999999999999,0.5
493,256,24414.0625,0.8571428571428572,0.8
494,256,24414.0625,1.0,0.7692307692307694
495,256,24414.0625,1.0,0.8333333333333334
496,256,24414.0625,0.8571428571428572,0.5
497,256,24414.0625,1.0,0.8888888888888888
498,256,24414.0625,1.0,0.8888888888888888
499,256,24414.0625,0.7499999999999999,0.5
500,256,24414.0625,0.8571428571428572,0.8
501,256,24414.0625,1.0,0.7692307692307694
502,256,24414.0625,1.0,0.8333333333333334
503,256,24414.0625,0.8571428571428572,0.5
504,256,24414.0625,1.0,1.0
505,256,24414.0625,1.0,0.8888888888888888
506,256,24414.0625,0.7499999999999999,0.5
507,256,24414.0625,0.8571428571428572,0.8
508,256,24414.0625,1.0,0.7692307692307694
509,256,24414.0625,1.0,0.8333333333333334
510,256,24414.0625,0.8571428571428572,0.5
511,256,24414.0625,1.0,0.8888888888888888
512,256,24414.0625,1.0,0.8888888888888888
513,256,24414.0625,0.5714285714285714,0.6666666666666666
514,256,24414.0625,0.8571428571428572,0.8
515,256,24414.0625,1.0,0.7692307692307694
516,256,24414.0625,1.0,0.8333333333333334
517,256,24414.0625,0.8571428571428572,0.5
518,256,24414.0625,1.0,1.0
519,256,24414.0625,1.0,0.8888888888888888
520,256,24414.0625,0.7499999999999999,0.5
521,256,24414.0625,0.8571428571428572,0.8
522,256,24414.0625,1.0,0.7692307692307694
523,256,24414.0625,1.0,0.8333333333333334
524,256,24414.0625,0.8571428571428572,0.5
525,256,195.3125,1.0,0.6000000000000001
526,256,195.3125,1.0,0.6000000000000001
527,256,195.3125,1.0,0.6000000000000001
528,256,195.3125,1.0,0.6000000000000001
529,256,195.3125,1.0,0.6000000000000001
530,256,76293945.3125,1.0,0.9230769230769229
531,256,76293945.3125,0.5714285714285714,0.8333333333333334
532,256,76293945.3125,0.8571428571428572,0.875
533,256,76293945.3125,0.8888888888888888,0.5
534,256,76293945.3125,1.0,0.9230769230769229
535,256,76293945.3125,0.5714285714285714,0.8333333333333334
536,256,76293945.3125,0.8571428571428572,0.823529411764706
537,256,76293945.3125,0.8888888888888888,0.5
538,256,76293945.3125,1.0,0.9230769230769229
539,256,76293945.3125,0.5714285714285714,0.8333333333333334
540,256,76293945.3125,0.8571428571428572,0.875
541,256,76293945.3125,0.8888888888888888,0.5
542,256,76293945.3125,1.0,0.9230769230769229
543,256,76293945.3125,0.5714285714285714,0.8333333333333334
544,256,76293945.3125,0.8571428571428572,0.823529411764706
545,256,76293945.3125,0.8888888888888888,0.5
546,256,76293945.3125,1.0,0.9230769230769229
547,256,76293945.3125,0.5714285714285714,0.8333333333333334
548,256,76293945.3125,0.75,0.75
549,256,76293945.3125,0.8888888888888888,0.5
550,256,15258789.0625,1.0,0.6153846153846154
551,256,15258789.0625,1.0,0.6153846153846154
552,256,15258789.0625,1.0,0.6153846153846154
553,256,15258789.0625,1.0,0.6153846153846154
554,256,15258789.0625,1.0,0.6153846153846154
555,256,1692665944.4736,1.0,1.0
556,256,1692665944.4736,1.0,0.8571428571428571
557,256,1692665944.4736,1.0,1.0
558,256,1692665944.4736,1.0,0.7142857142857143
559,256,1692665944.4736,1.0,1.0
560,256,1692665944.4736,1.0,0.7142857142857143
561,256,1692665944.4736,1.0,1.0
562,256,1692665944.4736,1.0,0.8571428571428571
563,256,1692665944.4736,1.0,1.0
564,256,1692665944.4736,1.0,0.7142857142857143
565,256,610351.5625,1.0,0.7692307692307694
566,256,610351.5625,1.0,0.7692307692307694
567,256,610351.5625,1.0,0.7692307692307694
568,256,610351.5625,1.0,0.7692307692307694
569,256,610351.5625,1.0,0.7692307692307694
570,256,390982104858298.8,0.9333333333333333,0.8
571,256,390982104858298.8,1.0,0.8
572,256,390982104858298.8,0.9333333333333333,0.8
573,256,390982104858298.8,0.9333333333333333,0.8
574,256,390982104858298.8,1.0,0.8
575,256,47018498.4576,1.0,0.8333333333333334
576,256,47018498.4576,1.0,0.8333333333333334
577,256,47018498.4576,1.0,0.8333333333333334
578,256,47018498.4576,1.0,0.8333333333333334
579,256,47018498.4576,1.0,0.8333333333333334
580,256,7836416.4096,1.0,0.7692307692307694
581,256,7836416.4096,1.0,0.9473684210526315
582,256,7836416.4096,1.0,0.7692307692307694
583,256,7836416.4096,1.0,0.9473684210526315
584,256,7836416.4096,1.0,0.7692307692307694
585,256,7836416.4096,1.0,0.9473684210526315
586,256,7836416.4096,1.0,0.7692307692307694
587,256,7836416.4096,1.0,0.9473684210526315
588,256,7836416.4096,1.0,0.7692307692307694
589,256,7836416.4096,1.0,0.9473684210526315
590,256,23263051398.7207,0.8888888888888888,0.1111111111111111
591,256,23263051398.7207,0.8888888888888888,0.4
592,256,23263051398.7207,0.8888888888888888,0.1111111111111111
593,256,23263051398.7207,0.8888888888888888,0.4
594,256,23263051398.7207,0.8888888888888888,0.1111111111111111
595,256,23263051398.7207,0.8888888888888888,0.4
596,256,23263051398.7207,0.8888888888888888,0.1111111111111111
597,256,23263051398.7207,0.8888888888888888,0.4
598,256,23263051398.7207,0.8888888888888888,0.1111111111111111
599,256,23263051398.7207,0.8888888888888888,0.4
600,256,5.233476330273605e+22,1.0,0.7777777777777779
601,256,5.233476330273605e+22,1.0,0.7777777777777779
602,256,5.233476330273605e+22,0.9545454545454546,0.7222222222222223
603,256,5.233476330273605e+22,1.0,0.7368421052631579
604,256,5.233476330273605e+22,1.0,0.7777777777777779
605,256,115292150460684.7,1.0,1.0
606,256,115292150460684.7,1.0,0.8235294117647058
607,256,115292150460684.7,1.0,0.875
608,256,115292150460684.7,1.0,0.7777777777777779
609,256,115292150460684.7,1.0,0.9333333333333333
610,256,115292150460684.7,1.0,0.8235294117647058
611,256,115292150460684.7,1.0,0.875
612,256,115292150460684.7,1.0,0.8421052631578947
613,256,115292150460684.7,1.0,1.0
614,256,115292150460684.7,1.0,0.7777777777777779
615,256,115292150460684.7,1.0,0.875
616,256,115292150460684.7,1.0,0.8421052631578947
617,256,115292150460684.7,1.0,1.0
618,256,115292150460684.7,1.0,0.8235294117647058
619,256,115292150460684.7,1.0,0.875
620,256,115292150460684.7,1.0,0.7777777777777779
621,256,115292150460684.7,1.0,1.0
622,256,115292150460684.7,1.0,0.8235294117647058
623,256,115292150460684.7,1.0,0.875
624,256,115292150460684.7,1.0,0.8421052631578947
625,256,14411518807585.588,0.6,0.6666666666666666
626,256,14411518807585.588,0.8,1.0
627,256,14411518807585.588,0.8888888888888888,0.13333333333333333
628,256,14411518807585.588,1.0,0.9473684210526315
629,256,14411518807585.588,0.6666666666666666,0.6666666666666666
630,256,14411518807585.588,0.8,1.0
631,256,14411518807585.588,0.8888888888888888,0.13333333333333333
632,256,14411518807585.588,1.0,0.9473684210526315
633,256,14411518807585.588,0.6666666666666666,0.6666666666666666
634,256,14411518807585.588,0.8,1.0
635,256,14411518807585.588,0.8888888888888888,0.13333333333333333
636,256,14411518807585.588,1.0,0.9473684210526315
637,256,14411518807585.588,0.6666666666666666,0.6666666666666666
638,256,14411518807585.588,1.0,1.0
639,256,14411518807585.588,0.8888888888888888,0.13333333333333333
640,256,14411518807585.588,1.0,0.9473684210526315
641,256,14411518807585.588,0.6666666666666666,0.6666666666666666
642,256,14411518807585.588,0.8,1.0
643,256,14411518807585.588,0.8888888888888888,0.13333333333333333
644,256,14411518807585.588,1.0,0.9473684210526315
645,256,1667718169966.657,1.0,0.631578947368421
646,256,1667718169966.657,1.0,0.631578947368421
647,256,1667718169966.657,1.0,0.6000000000000001
648,256,1667718169966.657,1.0,0.6000000000000001
649,256,1667718169966.657,1.0,0.631578947368421
650,256,6.461081889226673e+20,1.0,0.8888888888888888
651,256,6.461081889226673e+20,1.0,0.8888888888888888
652,256,6.461081889226673e+20,1.0,0.8888888888888888
653,256,6.461081889226673e+20,1.0,0.8888888888888888
654,256,6.461081889226673e+20,1.0,0.8888888888888888
655,256,5.814973700304006e+21,1.0,0.7777777777777779
656,256,5.814973700304006e+21,0.6666666666666666,0.6875
657,256,5.814973700304006e+21,0.75,0.38095238095238093
658,256,5.814973700304006e+21,1.0,0.7777777777777779
659,256,5.814973700304006e+21,0.6315789473684211,0.6875
660,256,5.814973700304006e+21,0.75,0.38095238095238093
661,256,5.814973700304006e+21,1.0,0.7777777777777779
662,256,5.814973700304006e+21,0.6666666666666666,0.6875
663,256,5.814973700304006e+21,0.6666666666666666,0.38095238095238093
664,256,5.814973700304006e+21,1.0,0.7777777777777779
665,256,5.814973700304006e+21,0.6,0.6875
666,256,5.814973700304006e+21,0.75,0.38095238095238093
667,256,5.814973700304006e+21,1.0,0.7777777777777779
668,256,5.814973700304006e+21,0.9230769230769229,0.6000000000000001
669,256,5.814973700304006e+21,0.75,0.38095238095238093
670,256,135085171767299.2,1.0,1.0
671,256,135085171767299.2,1.0,1.0
672,256,135085171767299.2,1.0,1.0
673,256,135085171767299.2,1.0,1.0
674,256,135085171767299.2,1.0,1.0
675,256,225179981368.5248,1.0,0.9333333333333333
676,256,225179981368.5248,1.0,0.9333333333333333
677,256,225179981368.5248,1.0,0.9333333333333333
678,256,225179981368.5248,1.0,0.9333333333333333
679,256,225179981368.5248,1.0,0.9333333333333333
680,256,2287679245.4961,1.0,0.4444444444444444
681,256,2287679245.4961,1.0,0.4444444444444444
682,256,2287679245.4961,1.0,0.4444444444444444
683,256,2287679245.4961,1.0,0.4444444444444444
684,256,2287679245.4961,1.0,0.4444444444444444
685,256,922337203685477.6,0.8888888888888888,0.16
686,256,922337203685477.6,1.0,0.6956521739130435
687,256,922337203685477.6,0.8333333333333334,0.3157894736842105
688,256,922337203685477.6,1.0,0.32
689,256,922337203685477.6,1.0,0.9565217391304348
690,256,922337203685477.6,0.9090909090909091,0.3157894736842105
691,256,922337203685477.6,0.8888888888888888,0.16
692,256,922337203685477.6,1.0,0.8695652173913044
693,256,922337203685477.6,0.9090909090909091,0.3157894736842105
694,256,922337203685477.6,0.8888888888888888,0.16
695,256,922337203685477.6,1.0,0.9565217391304348
696,256,922337203685477.6,0.9090909090909091,0.3157894736842105
697,256,922337203685477.6,0.8888888888888888,0.16
698,256,922337203685477.6,1.0,0.9565217391304348
699,256,922337203685477.6,0.9090909090909091,0.3157894736842105
700,256,5.902958103587057e+16,0.8571428571428572,0.9090909090909091
701,256,5.902958103587057e+16,0.8571428571428572,0.9090909090909091
702,256,5.902958103587057e+16,0.8571428571428572,0.9090909090909091
703,256,5.902958103587057e+16,0.8571428571428572,0.9090909090909091
704,256,5.902958103587057e+16,0.8571428571428572,0.9090909090909091
705,256,8.8629381196525e+17,1.0,0.45454545454545453
706,256,8.8629381196525e+17,1.0,0.45454545454545453
707,256,8.8629381196525e+17,1.0,0.45454545454545453
708,256,8.8629381196525e+17,1.0,0.45454545454545453
709,256,8.8629381196525e+17,1.0,1.0
710,256,4.7223664828696454e+17,1.0,0.6
711,256,4.7223664828696454e+17,1.0,0.6
712,256,4.7223664828696454e+17,1.0,0.6
713,256,4.7223664828696454e+17,1.0,0.6
714,256,4.7223664828696454e+17,1.0,0.6
715,256,1801439850948.1985,0.9230769230769229,0.5714285714285714
716,256,1801439850948.1985,0.9230769230769229,0.6666666666666666
717,256,1801439850948.1985,1.0,1.0
718,256,1801439850948.1985,0.8,0.7619047619047619
719,256,1801439850948.1985,1.0,0.6666666666666666
720,256,1801439850948.1985,0.9230769230769229,0.6666666666666666
721,256,1801439850948.1985,1.0,1.0
722,256,1801439850948.1985,0.8,0.7619047619047619
723,256,1801439850948.1985,1.0,0.6666666666666666
724,256,1801439850948.1985,0.9230769230769229,0.6666666666666666
725,256,1801439850948.1985,1.0,1.0
726,256,1801439850948.1985,0.8,0.7619047619047619
727,256,1801439850948.1985,1.0,0.5714285714285714
728,256,1801439850948.1985,0.9230769230769229,0.6666666666666666
729,256,1801439850948.1985,1.0,1.0
730,256,1801439850948.1985,0.8,0.7619047619047619
731,256,1801439850948.1985,1.0,0.5714285714285714
732,256,1801439850948.1985,0.9230769230769229,0.6666666666666666
733,256,1801439850948.1985,1.0,1.0
734,256,1801439850948.1985,0.8,0.7619047619047619
735,256,9.847709021836112e+16,0.9230769230769229,0.8571428571428572
736,256,9.847709021836112e+16,0.9230769230769229,0.8571428571428572
737,256,9.847709021836112e+16,0.9230769230769229,0.8571428571428572
738,256,9.847709021836112e+16,0.9230769230769229,0.8571428571428572
739,256,9.847709021836112e+16,0.9230769230769229,0.8571428571428572
740,256,1e+24,1.0,0.19354838709677422
741,256,1e+24,0.7499999999999999,0.6666666666666666
742,256,1e+24,1.0,0.18749999999999997
743,256,1e+24,0.37499999999999994,0.6666666666666666
744,256,1e+24,1.0,0.19354838709677422
745,256,1e+24,0.875,0.6666666666666666
746,256,1e+24,1.0,0.5806451612903226
747,256,1e+24,0.875,0.64
748,256,1e+24,1.0,0.18749999999999997
749,256,1e+24,0.875,0.64
750,256,7378697629483821.0,1.0,0.7368421052631579
751,256,7378697629483821.0,0.6666666666666666,0.9473684210526315
752,256,7378697629483821.0,1.0,0.7368421052631579
753,256,7378697629483821.0,0.6153846153846154,0.9473684210526315
754,256,7378697629483821.0,1.0,0.8999999999999999
755,256,7378697629483821.0,0.6666666666666666,0.9473684210526315
756,256,7378697629483821.0,1.0,0.8999999999999999
757,256,7378697629483821.0,0.6153846153846154,0.9473684210526315
758,256,7378697629483821.0,1.0,0.7368421052631579
759,256,7378697629483821.0,0.6666666666666666,0.9473684210526315
760,256,3.022314549036573e+19,1.0,1.0
761,256,3.022314549036573e+19,1.0,1.0
762,256,3.022314549036573e+19,1.0,1.0
763,256,3.022314549036573e+19,1.0,1.0
764,256,3.022314549036573e+19,1.0,1.0
765,256,28147497671.0656,0.8571428571428572,0.8181818181818181
766,256,28147497671.0656,0.8571428571428572,0.8181818181818181
767,256,28147497671.0656,0.8571428571428572,0.8181818181818181
768,256,28147497671.0656,0.8571428571428572,0.8181818181818181
769,256,28147497671.0656,0.8571428571428572,0.8181818181818181
770,256,3.7778931862957164e+18,0.9090909090909091,0.8999999999999999
771,256,3.7778931862957164e+18,0.9090909090909091,0.6363636363636364
772,256,3.7778931862957164e+18,0.9090909090909091,0.8999999999999999
773,256,3.7778931862957164e+18,0.9090909090909091,0.6363636363636364
774,256,3.7778931862957164e+18,0.9090909090909091,0.9473684210526315
775,256,3.7778931862957164e+18,0.9090909090909091,0.6363636363636364
776,256,3.7778931862957164e+18,0.9090909090909091,0.8999999999999999
777,256,3.7778931862957164e+18,0.9090909090909091,0.6363636363636364
778,256,3.7778931862957164e+18,0.9090909090909091,0.8999999999999999
779,256,3.7778931862957164e+18,0.9090909090909091,0.6363636363636364
780,256,1.9342813113834068e+21,0.9090909090909091,0.4545454545454546
781,256,1.9342813113834068e+21,0.8571428571428572,0.5263157894736842
782,256,1.9342813113834068e+21,0.9090909090909091,0.4545454545454546
783,256,1.9342813113834068e+21,0.8571428571428572,0.5263157894736842
784,256,1.9342813113834068e+21,0.9090909090909091,0.4545454545454546
785,256,1.9342813113834068e+21,0.8571428571428572,0.5263157894736842
786,256,1.9342813113834068e+21,0.9090909090909091,0.4545454545454546
787,256,1.9342813113834068e+21,0.8571428571428572,0.5263157894736842
788,256,1.9342813113834068e+21,0.9090909090909091,0.4545454545454546
789,256,1.9342813113834068e+21,0.8571428571428572,0.5263157894736842
790,256,1.0941898913151236e+16,1.0,0.47619047619047616
791,256,1.0941898913151236e+16,1.0,0.47619047619047616
792,256,1.0941898913151236e+16,1.0,0.6666666666666666
793,256,1.0941898913151236e+16,1.0,0.6666666666666666
794,256,1.0941898913151236e+16,1.0,0.6666666666666666
795,256,1.4420993610649923e+25,1.0,0.14814814814814814
796,256,1.4420993610649923e+25,1.0,0.8888888888888888
797,256,1.4420993610649923e+25,0.9230769230769229,0.8888888888888888
798,256,1.4420993610649923e+25,1.0,0.8888888888888888
799,256,1.4420993610649923e+25,1.0,0.5185185185185186
800,1024,381469726.5625,1.0,1.0
801,1024,381469726.5625,0.8888888888888888,0.6666666666666666
802,1024,381469726.5625,1.0,1.0
803,1024,381469726.5625,0.8888888888888888,0.6666666666666666
804,1024,381469726.5625,1.0,1.0
805,1024,381469726.5625,0.8888888888888888,0.6666666666666666
806,1024,381469726.5625,1.0,1.0
807,1024,381469726.5625,0.8888888888888888,0.6666666666666666
808,1024,381469726.5625,1.0,1.0
809,1024,381469726.5625,0.8,0.6666666666666666
810,1024,122070.3125,1.0,0.8888888888888888
811,1024,122070.3125,1.0,0.8235294117647058
812,1024,122070.3125,1.0,1.0
813,1024,122070.3125,1.0,0.9230769230769229
814,1024,122070.3125,1.0,0.8888888888888888
815,1024,122070.3125,0.8571428571428572,0.8235294117647058
816,1024,122070.3125,1.0,1.0
817,1024,122070.3125,1.0,0.9230769230769229
818,1024,122070.3125,1.0,0.8888888888888888
819,1024,122070.3125,1.0,0.8235294117647058
820,1024,122070.3125,1.0,1.0
821,1024,122070.3125,1.0,0.9230769230769229
822,1024,122070.3125,1.0,0.8888888888888888
823,1024,122070.3125,1.0,0.8235294117647058
824,1024,122070.3125,1.0,1.0
825,1024,122070.3125,1.0,0.9230769230769229
826,1024,122070.3125,1.0,0.8888888888888888
827,1024,122070.3125,1.0,0.8235294117647058
828,1024,122070.3125,1.0,1.0
829,1024,122070.3125,1.0,0.9230769230769229
830,1024,4882.8125,1.0,0.75
831,1024,4882.8125,0.8888888888888888,0.8571428571428571
832,1024,4882.8125,0.8571428571428572,0.8
833,1024,4882.8125,1.0,0.75
834,1024,4882.8125,0.8,0.8571428571428571
835,1024,4882.8125,0.8571428571428572,0.8
836,1024,4882.8125,1.0,0.75
837,1024,4882.8125,0.8888888888888888,0.8571428571428571
838,1024,4882.8125,0.8571428571428572,0.7272727272727273
839,1024,4882.8125,1.0,0.75
840,1024,4882.8125,0.8888888888888888,0.8571428571428571
841,1024,4882.8125,0.8571428571428572,0.7272727272727273
842,1024,4882.8125,1.0,0.75
843,1024,4882.8125,0.8888888888888888,0.8571428571428571
844,1024,4882.8125,0.8571428571428572,0.7272727272727273
845,1024,1.5625,1.0,0.75
846,1024,1.5625,1.0,0.75
847,1024,1.5625,1.0,0.75
848,1024,1.5625,1.0,0.75
849,1024,1.5625,1.0,0.75
850,1024,3051757.8125,1.0,0.8
851,1024,3051757.8125,0.75,1.0
852,1024,3051757.8125,1.0,0.9090909090909091
853,1024,3051757.8125,1.0,0.5
854,1024,3051757.8125,0.75,0.26666666666666666
855,1024,3051757.8125,1.0,0.8
856,1024,3051757.8125,0.75,1.0
857,1024,3051757.8125,1.0,0.9090909090909091
858,1024,3051757.8125,1.0,0.5
859,1024,3051757.8125,0.75,0.26666666666666666
860,1024,3051757.8125,1.0,0.8
861,1024,3051757.8125,0.75,1.0
862,1024,3051757.8125,1.0,0.9090909090909091
863,1024,3051757.8125,1.0,0.5
864,1024,3051757.8125,0.75,0.26666666666666666
865,1024,3051757.8125,1.0,0.8
866,1024,3051757.8125,0.75,1.0
867,1024,3051757.8125,1.0,0.9090909090909091
868,1024,3051757.8125,1.0,0.5
869,1024,3051757.8125,0.75,0.26666666666666666
870,1024,3051757.8125,1.0,0.8
871,1024,3051757.8125,0.75,1.0
872,1024,3051757.8125,1.0,0.9090909090909091
873,1024,3051757.8125,1.0,0.5
874,1024,3051757.8125,0.75,0.26666666666666666
875,1024,13162170384226.713,1.0,0.8333333333333334
876,1024,13162170384226.713,1.0,0.8333333333333334
877,1024,13162170384226.713,1.0,0.8333333333333334
878,1024,13162170384226.713,1.0,0.8333333333333334
879,1024,13162170384226.713,1.0,0.8333333333333334
880,1024,976.5625,1.0,0.8888888888888888
881,1024,976.5625,1.0,0.7272727272727273
882,1024,976.5625,1.0,0.8888888888888888
883,1024,976.5625,1.0,0.7272727272727273
884,1024,976.5625,1.0,0.8888888888888888
885,1024,976.5625,1.0,0.7272727272727273
886,1024,976.5625,1.0,0.8888888888888888
887,1024,976.5625,1.0,0.7272727272727273
888,1024,976.5625,1.0,0.8888888888888888
889,1024,976.5625,1.0,0.7272727272727273
890,1024,24414.0625,1.0,0.8888888888888888
891,1024,24414.0625,1.0,0.8888888888888888
892,1024,24414.0625,0.7499999999999999,0.6666666666666666
893,1024,24414.0625,0.8571428571428572,0.8
894,1024,24414.0625,1.0,0.7692307692307694
895,1024,24414.0625,1.0,0.8333333333333334
896,1024,24414.0625,0.8571428571428572,0.5
897,1024,24414.0625,1.0,0.8888888888888888
898,1024,24414.0625,1.0,0.8888888888888888
899,1024,24414.0625,0.7499999999999999,0.5
900,1024,24414.0625,0.8571428571428572,0.8
901,1024,24414.0625,1.0,0.7692307692307694
902,1024,24414.0625,1.0,0.8333333333333334
903,1024,24414.0625,0.8571428571428572,0.5
904,1024,24414.0625,1.0,1.0
905,1024,24414.0625,1.0,0.8888888888888888
906,1024,24414.0625,0.7499999999999999,0.6666666666666666
907,1024,24414.0625,0.8571428571428572,0.8
908,1024,24414.0625,1.0,0.7692307692307694
909,1024,24414.0625,1.0,0.8333333333333334
910,1024,24414.0625,0.8571428571428572,0.5
911,1024,24414.0625,1.0,0.8888888888888888
912,1024,24414.0625,1.0,0.8888888888888888
913,1024,24414.0625,0.7499999999999999,0.5
914,1024,24414.0625,0.8571428571428572,0.8
915,1024,24414.0625,1.0,0.7692307692307694
916,1024,24414.0625,1.0,0.8333333333333334
917,1024,24414.0625,0.8571428571428572,0.5
918,1024,24414.0625,1.0,1.0
919,1024,24414.0625,1.0,0.8888888888888888
920,1024,24414.0625,0.7499999999999999,0.6666666666666666
921,1024,24414.0625,0.8571428571428572,0.8
922,1024,24414.0625,1.0,0.7692307692307694
923,1024,24414.0625,1.0,0.8333333333333334
924,1024,24414.0625,0.8571428571428572,0.5
925,1024,195.3125,1.0,0.6000000000000001
926,1024,195.3125,1.0,0.6000000000000001
927,1024,195.3125,1.0,0.6000000000000001
928,1024,195.3125,1.0,0.6000000000000001
929,1024,195.3125,1.0,0.6000000000000001
930,1024,76293945.3125,1.0,0.8571428571428572
931,1024,76293945.3125,0.5714285714285714,0.8333333333333334
932,1024,76293945.3125,0.8571428571428572,0.875
933,1024,76293945.3125,0.8888888888888888,0.5
934,1024,76293945.3125,1.0,0.9230769230769229
935,1024,76293945.3125,0.5714285714285714,0.8333333333333334
936,1024,76293945.3125,0.8571428571428572,0.823529411764706
937,1024,76293945.3125,0.8888888888888888,0.5
938,1024,76293945.3125,1.0,0.9230769230769229
939,1024,76293945.3125,0.5714285714285714,0.8333333333333334
940,1024,76293945.3125,0.8571428571428572,0.875
941,1024,76293945.3125,0.8888888888888888,0.5
942,1024,76293945.3125,1.0,0.9230769230769229
943,1024,76293945.3125,0.5714285714285714,0.8333333333333334
944,1024,76293945.3125,0.8571428571428572,0.875
945,1024,76293945.3125,0.8888888888888888,0.5
946,1024,76293945.3125,1.0,0.9230769230769229
947,1024,76293945.3125,0.5714285714285714,0.8333333333333334
948,1024,76293945.3125,0.8571428571428572,0.875
949,1024,76293945.3125,0.8888888888888888,0.5
950,1024,15258789.0625,1.0,0.6153846153846154
951,1024,15258789.0625,1.0,0.6153846153846154
952,1024,15258789.0625,1.0,0.6153846153846154
953,1024,15258789.0625,1.0,0.6153846153846154
954,1024,15258789.0625,1.0,0.6153846153846154
955,1024,1692665944.4736,1.0,1.0
956,1024,1692665944.4736,1.0,0.7142857142857143
957,1024,1692665944.4736,1.0,1.0
958,1024,1692665944.4736,1.0,0.8571428571428571
959,1024,1692665944.4736,1.0,1.0
960,1024,1692665944.4736,1.0,0.8571428571428571
961,1024,1692665944.4736,1.0,1.0
962,1024,1692665944.4736,1.0,0.7142857142857143
963,1024,1692665944.4736,1.0,1.0
964,1024,1692665944.4736,1.0,0.8571428571428571
965,1024,610351.5625,1.0,0.7692307692307694
966,1024,610351.5625,1.0,0.7692307692307694
967,1024,610351.5625,1.0,0.7692307692307694
968,1024,610351.5625,1.0,0.7692307692307694
969,1024,610351.5625,1.0,0.7692307692307694
970,1024,390982104858298.8,0.9333333333333333,0.8
971,1024,390982104858298.8,1.0,0.8
972,1024,390982104858298.8,0.9333333333333333,0.8
973,1024,390982104858298.8,1.0,0.8
974,1024,390982104858298.8,1.0,0.8
975,1024,47018498.4576,1.0,0.8333333333333334
976,1024,47018498.4576,1.0,0.8333333333333334
977,1024,47018498.4576,1.0,0.8333333333333334
978,1024,47018498.4576,1.0,0.8333333333333334
979,1024,47018498.4576,1.0,0.8333333333333334
980,1024,7836416.4096,1.0,0.7692307692307694
981,1024,7836416.4096,1.0,0.9473684210526315
982,1024,7836416.4096,1.0,0.7692307692307694
983,1024,7836416.4096,1.0,0.9473684210526315
984,1024,7836416.4096,1.0,0.7692307692307694
985,1024,7836416.4096,1.0,0.9473684210526315
986,1024,7836416.4096,1.0,0.7692307692307694
987,1024,7836416.4096,1.0,0.9473684210526315
988,1024,7836416.4096,1.0,0.7692307692307694
989,1024,7836416.4096,1.0,0.9473684210526315
990,1024,23263051398.7207,0.8888888888888888,0.1111111111111111
991,1024,23263051398.7207,0.8888888888888888,0.375
992,1024,23263051398.7207,0.8888888888888888,0.1111111111111111
993,1024,23263051398.7207,0.8888888888888888,0.375
994,1024,23263051398.7207,0.8888888888888888,0.1111111111111111
995,1024,23263051398.7207,0.8888888888888888,0.375
996,1024,23263051398.7207,0.8888888888888888,0.1111111111111111
997,1024,23263051398.7207,0.8888888888888888,0.375
998,1024,23263051398.7207,0.8888888888888888,0.1111111111111111
999,1024,23263051398.7207,0.8888888888888888,0.4
1000,1024,5.233476330273605e+22,1.0,0.7368421052631579
1001,1024,5.233476330273605e+22,0.9090909090909091,0.631578947368421
1002,1024,5.233476330273605e+22,0.9090909090909091,0.6666666666666666
1003,1024,5.233476330273605e+22,0.9090909090909091,0.631578947368421
1004,1024,5.233476330273605e+22,1.0,0.7777777777777779
1005,1024,115292150460684.7,1.0,1.0
1006,1024,115292150460684.7,1.0,0.8235294117647058
1007,1024,115292150460684.7,0.8888888888888888,0.875
1008,1024,115292150460684.7,1.0,0.8421052631578947
1009,1024,115292150460684.7,1.0,1.0
1010,1024,115292150460684.7,1.0,0.8235294117647058
1011,1024,115292150460684.7,1.0,0.875
1012,1024,115292150460684.7,1.0,0.8421052631578947
1013,1024,115292150460684.7,1.0,0.9333333333333333
1014,1024,115292150460684.7,1.0,0.8235294117647058
1015,1024,115292150460684.7,1.0,0.875
1016,1024,115292150460684.7,1.0,0.8421052631578947
1017,1024,115292150460684.7,1.0,1.0
1018,1024,115292150460684.7,1.0,0.7777777777777779
1019,1024,115292150460684.7,1.0,0.875
1020,1024,115292150460684.7,1.0,0.8421052631578947
1021,1024,115292150460684.7,1.0,1.0
1022,1024,115292150460684.7,1.0,0.8235294117647058
1023,1024,115292150460684.7,1.0,0.875
1024,1024,115292150460684.7,0.8571428571428572,0.7777777777777779
1025,1024,14411518807585.588,0.6666666666666666,0.6666666666666666
1026,1024,14411518807585.588,0.8,1.0
1027,1024,14411518807585.588,0.8888888888888888,0.13333333333333333
1028,1024,14411518807585.588,1.0,0.9473684210526315
1029,1024,14411518807585.588,0.6666666666666666,0.6666666666666666
1030,1024,14411518807585.588,0.8,1.0
1031,1024,14411518807585.588,1.0,0.0
1032,1024,14411518807585.588,1.0,0.9473684210526315
1033,1024,14411518807585.588,0.6666666666666666,0.6666666666666666
1034,1024,14411518807585.588,0.8,1.0
1035,1024,14411518807585.588,0.8888888888888888,0.13333333333333333
1036,1024,14411518807585.588,1.0,0.9473684210526315
1037,1024,14411518807585.588,0.6666666666666666,0.6666666666666666
1038,1024,14411518807585.588,0.8,1.0
1039,1024,14411518807585.588,1.0,0.0
1040,1024,14411518807585.588,1.0,0.9473684210526315
1041,1024,14411518807585.588,0.6666666666666666,0.6666666666666666
1042,1024,14411518807585.588,1.0,1.0
1043,1024,14411518807585.588,1.0,0.0
1044,1024,14411518807585.588,1.0,0.9473684210526315
1045,1024,1667718169966.657,1.0,0.631578947368421
1046,1024,1667718169966.657,1.0,0.631578947368421
1047,1024,1667718169966.657,0.6666666666666666,0.6000000000000001
1048,1024,1667718169966.657,1.0,0.631578947368421
1049,1024,1667718169966.657,0.6666666666666666,0.631578947368421
1050,1024,6.461081889226673e+20,1.0,0.8888888888888888
1051,1024,6.461081889226673e+20,1.0,0.8888888888888888
1052,1024,6.461081889226673e+20,1.0,0.8888888888888888
1053,1024,6.461081889226673e+20,1.0,0.8888888888888888
1054,1024,6.461081889226673e+20,1.0,0.8888888888888888
1055,1024,5.814973700304006e+21,1.0,0.7777777777777779
1056,1024,5.814973700304006e+21,0.7499999999999999,0.6666666666666666
1057,1024,5.814973700304006e+21,0.75,0.38095238095238093
1058,1024,5.814973700304006e+21,1.0,0.7777777777777779
1059,1024,5.814973700304006e+21,0.6315789473684211,0.7499999999999999
1060,1024,5.814973700304006e+21,0.75,0.38095238095238093
1061,1024,5.814973700304006e+21,1.0,0.7777777777777779
1062,1024,5.814973700304006e+21,0.6666666666666666,0.6875
1063,1024,5.814973700304006e+21,0.75,0.38095238095238093
1064,1024,5.814973700304006e+21,1.0,0.7777777777777779
1065,1024,5.814973700304006e+21,0.7058823529411764,0.7741935483870969
1066,1024,5.814973700304006e+21,0.75,0.38095238095238093
1067,1024,5.814973700304006e+21,1.0,0.7777777777777779
1068,1024,5.814973700304006e+21,0.7058823529411764,0.6875
1069,1024,5.814973700304006e+21,0.75,0.38095238095238093
1070,1024,135085171767299.2,1.0,1.0
1071,1024,135085171767299.2,1.0,1.0
1072,1024,135085171767299.2,1.0,1.0
1073,1024,135085171767299.2,1.0,1.0
1074,1024,135085171767299.2,1.0,1.0
1075,1024,225179981368.5248,1.0,0.9333333333333333
1076,1024,225179981368.5248,1.0,0.9333333333333333
1077,1024,225179981368.5248,1.0,0.9333333333333333
1078,1024,225179981368.5248,1.0,0.9333333333333333
1079,1024,225179981368.5248,1.0,0.9333333333333333
1080,1024,2287679245.4961,1.0,0.4444444444444444
1081,1024,2287679245.4961,1.0,0.4444444444444444
1082,1024,2287679245.4961,1.0,0.4444444444444444
1083,1024,2287679245.4961,1.0,0.4444444444444444
1084,1024,2287679245.4961,1.0,0.4444444444444444
1085,1024,922337203685477.6,0.8888888888888888,0.16
1086,1024,922337203685477.6,1.0,0.6956521739130435
1087,1024,922337203685477.6,0.8333333333333334,0.3157894736842105
1088,1024,922337203685477.6,0.8888888888888888,0.16
1089,1024,922337203685477.6,1.0,0.6956521739130435
1090,1024,922337203685477.6,0.8333333333333334,0.3157894736842105
1091,1024,922337203685477.6,0.8888888888888888,0.16
1092,1024,922337203685477.6,1.0,0.9565217391304348
1093,1024,922337203685477.6,0.9090909090909091,0.3157894736842105
1094,1024,922337203685477.6,0.8888888888888888,0.16
1095,1024,922337203685477.6,1.0,0.6956521739130435
1096,1024,922337203685477.6,0.9090909090909091,0.3157894736842105
1097,1024,922337203685477.6,0.8888888888888888,0.16
1098,1024,922337203685477.6,0.8571428571428571,0.8695652173913044
1099,1024,922337203685477.6,0.9090909090909091,0.3157894736842105
1100,1024,5.902958103587057e+16,0.8571428571428572,0.9090909090909091
1101,1024,5.902958103587057e+16,0.8571428571428572,0.9090909090909091
1102,1024,5.902958103587057e+16,0.8571428571428572,0.9090909090909091
1103,1024,5.902958103587057e+16,0.8571428571428572,0.9090909090909091
1104,1024,5.902958103587057e+16,0.8571428571428572,0.9090909090909091
1105,1024,8.8629381196525e+17,1.0,0.45454545454545453
1106,1024,8.8629381196525e+17,1.0,0.45454545454545453
1107,1024,8.8629381196525e+17,1.0,0.45454545454545453
1108,1024,8.8629381196525e+17,1.0,0.45454545454545453
1109,1024,8.8629381196525e+17,1.0,0.45454545454545453
1110,1024,4.7223664828696454e+17,1.0,0.6
1111,1024,4.7223664828696454e+17,1.0,0.6
1112,1024,4.7223664828696454e+17,1.0,0.6
1113,1024,4.7223664828696454e+17,1.0,0.6
1114,1024,4.7223664828696454e+17,0.9230769230769229,0.4
1115,1024,1801439850948.1985,0.8333333333333334,0.5714285714285714
1116,1024,1801439850948.1985,0.9230769230769229,0.6666666666666666
1117,1024,1801439850948.1985,1.0,1.0
1118,1024,1801439850948.1985,0.8,0.7619047619047619
1119,1024,1801439850948.1985,0.9230769230769229,0.5714285714285714
1120,1024,1801439850948.1985,0.9230769230769229,0.6666666666666666
1121,1024,1801439850948.1985,1.0,1.0
1122,1024,1801439850948.1985,0.6666666666666666,0.7619047619047619
1123,1024,1801439850948.1985,1.0,0.5714285714285714
1124,1024,1801439850948.1985,0.9230769230769229,0.6666666666666666
1125,1024,1801439850948.1985,1.0,1.0
1126,1024,1801439850948.1985,0.6666666666666666,0.7619047619047619
1127,1024,1801439850948.1985,1.0,0.6666666666666666
1128,1024,1801439850948.1985,0.9230769230769229,0.6666666666666666
1129,1024,1801439850948.1985,1.0,1.0
1130,1024,1801439850948.1985,0.6666666666666666,0.7619047619047619
1131,1024,1801439850948.1985,1.0,0.6666666666666666
1132,1024,1801439850948.1985,0.9230769230769229,0.6666666666666666
1133,1024,1801439850948.1985,1.0,1.0
1134,1024,1801439850948.1985,0.8,0.7619047619047619
1135,1024,9.847709021836112e+16,0.9230769230769229,0.8571428571428572
1136,1024,9.847709021836112e+16,0.9230769230769229,0.8571428571428572
1137,1024,9.847709021836112e+16,0.9230769230769229,0.8571428571428572
1138,1024,9.847709021836112e+16,0.9230769230769229,0.8571428571428572
1139,1024,9.847709021836112e+16,0.9230769230769229,0.8571428571428572
1140,1024,1e+24,1.0,0.5806451612903226
1141,1024,1e+24,0.875,0.6666666666666666
1142,1024,1e+24,1.0,0.5806451612903226
1143,1024,1e+24,0.875,0.64
1144,1024,1e+24,1.0,0.19354838709677422
1145,1024,1e+24,0.875,0.64
1146,1024,1e+24,1.0,0.5806451612903226
1147,1024,1e+24,0.875,0.64
1148,1024,1e+24,1.0,0.5806451612903226
1149,1024,1e+24,0.37499999999999994,0.6666666666666666
1150,1024,7378697629483821.0,1.0,0.8999999999999999
1151,1024,7378697629483821.0,0.6153846153846154,0.9473684210526315
1152,1024,7378697629483821.0,1.0,0.8999999999999999
1153,1024,7378697629483821.0,0.6153846153846154,0.9473684210526315
1154,1024,7378697629483821.0,1.0,0.8999999999999999
1155,1024,7378697629483821.0,0.6153846153846154,0.9473684210526315
1156,1024,7378697629483821.0,1.0,0.7368421052631579
1157,1024,7378697629483821.0,0.6153846153846154,0.9473684210526315
1158,1024,7378697629483821.0,1.0,0.7368421052631579
1159,1024,7378697629483821.0,0.6153846153846154,0.9473684210526315
1160,1024,3.022314549036573e+19,1.0,1.0
1161,1024,3.022314549036573e+19,1.0,1.0
1162,1024,3.022314549036573e+19,1.0,1.0
1163,1024,3.022314549036573e+19,1.0,1.0
1164,1024,3.022314549036573e+19,1.0,1.0
1165,1024,28147497671.0656,0.8571428571428572,0.8181818181818181
1166,1024,28147497671.0656,0.8571428571428572,0.8181818181818181
1167,1024,28147497671.0656,0.8571428571428572,0.8181818181818181
1168,1024,28147497671.0656,0.8571428571428572,0.8181818181818181
1169,1024,28147497671.0656,0.8571428571428572,0.8181818181818181
1170,1024,3.7778931862957164e+18,0.9090909090909091,0.8999999999999999
1171,1024,3.7778931862957164e+18,0.9090909090909091,0.6363636363636364
1172,1024,3.7778931862957164e+18,0.9090909090909091,0.9473684210526315
1173,1024,3.7778931862957164e+18,0.9090909090909091,0.6363636363636364
1174,1024,3.7778931862957164e+18,0.8333333333333334,0.8999999999999999
1175,1024,3.7778931862957164e+18,0.9090909090909091,0.6363636363636364
1176,1024,3.7778931862957164e+18,0.8333333333333334,0.8999999999999999
1177,1024,3.7778931862957164e+18,0.9090909090909091,0.6363636363636364
1178,1024,3.7778931862957164e+18,0.9090909090909091,0.8999999999999999
1179,1024,3.7778931862957164e+18,0.9090909090909091,0.6363636363636364
1180,1024,1.9342813113834068e+21,0.9090909090909091,0.4545454545454546
1181,1024,1.9342813113834068e+21,0.8571428571428572,0.5263157894736842
1182,1024,1.9342813113834068e+21,0.9090909090909091,0.4545454545454546
1183,1024,1.9342813113834068e+21,0.8571428571428572,0.5263157894736842
1184,1024,1.9342813113834068e+21,0.9090909090909091,0.4545454545454546
1185,1024,1.9342813113834068e+21,0.8571428571428572,0.5263157894736842
1186,1024,1.9342813113834068e+21,0.9090909090909091,0.4545454545454546
1187,1024,1.9342813113834068e+21,0.8571428571428572,0.5263157894736842
1188,1024,1.9342813113834068e+21,0.9090909090909091,0.4545454545454546
1189,1024,1.9342813113834068e+21,0.8571428571428572,0.5263157894736842
1190,1024,1.0941898913151236e+16,1.0,0.6666666666666666
1191,1024,1.0941898913151236e+16,1.0,0.6666666666666666
1192,1024,1.0941898913151236e+16,1.0,0.47619047619047616
1193,1024,1.0941898913151236e+16,1.0,0.47619047619047616
1194,1024,1.0941898913151236e+16,1.0,0.47619047619047616
1195,1024,1.4420993610649923e+25,1.0,0.8888888888888888
1196,1024,1.4420993610649923e+25,1.0,0.8888888888888888
1197,1024,1.4420993610649923e+25,1.0,0.8888888888888888
1198,1024,1.4420993610649923e+25,0.8333333333333334,0.8888888888888888
1199,1024,1.4420993610649923e+25,1.0,0.8888888888888888
1200,2048,381469726.5625,1.0,1.0
1201,2048,381469726.5625,0.8888888888888888,0.6666666666666666
1202,2048,381469726.5625,1.0,1.0
1203,2048,381469726.5625,0.8888888888888888,0.6666666666666666
1204,2048,381469726.5625,1.0,1.0
1205,2048,381469726.5625,0.8888888888888888,0.6666666666666666
1206,2048,381469726.5625,1.0,1.0
1207,2048,381469726.5625,0.8888888888888888,0.6666666666666666
1208,2048,381469726.5625,1.0,1.0
1209,2048,381469726.5625,0.8888888888888888,0.6666666666666666
1210,2048,122070.3125,1.0,0.8888888888888888
1211,2048,122070.3125,1.0,0.8235294117647058
1212,2048,122070.3125,1.0,1.0
1213,2048,122070.3125,1.0,0.9230769230769229
1214,2048,122070.3125,1.0,0.8888888888888888
1215,2048,122070.3125,1.0,0.8235294117647058
1216,2048,122070.3125,1.0,1.0
1217,2048,122070.3125,1.0,0.9230769230769229
1218,2048,122070.3125,1.0,0.8888888888888888
1219,2048,122070.3125,1.0,0.8235294117647058
1220,2048,122070.3125,1.0,1.0
1221,2048,122070.3125,1.0,0.9230769230769229
1222,2048,122070.3125,1.0,0.8888888888888888
1223,2048,122070.3125,0.8571428571428572,0.8235294117647058
1224,2048,122070.3125,1.0,1.0
1225,2048,122070.3125,1.0,0.9230769230769229
1226,2048,122070.3125,1.0,0.8888888888888888
1227,2048,122070.3125,1.0,0.8235294117647058
1228,2048,122070.3125,1.0,1.0
1229,2048,122070.3125,1.0,0.9230769230769229
1230,2048,4882.8125,1.0,0.75
1231,2048,4882.8125,0.8888888888888888,0.8571428571428571
1232,2048,4882.8125,0.8571428571428572,0.7272727272727273
1233,2048,4882.8125,1.0,0.75
1234,2048,4882.8125,0.8888888888888888,0.8571428571428571
1235,2048,4882.8125,0.8571428571428572,0.7272727272727273
1236,2048,4882.8125,1.0,0.75
1237,2048,4882.8125,0.8888888888888888,0.8571428571428571
1238,2048,4882.8125,0.8571428571428572,0.7272727272727273
1239,2048,4882.8125,1.0,0.75
1240,2048,4882.8125,0.8888888888888888,0.8571428571428571
1241,2048,4882.8125,0.8571428571428572,0.8
1242,2048,4882.8125,1.0,0.75
1243,2048,4882.8125,0.8888888888888888,0.8571428571428571
1244,2048,4882.8125,0.8571428571428572,0.7272727272727273
1245,2048,1.5625,1.0,0.75
1246,2048,1.5625,1.0,0.75
1247,2048,1.5625,1.0,0.75
1248,2048,1.5625,1.0,0.75
1249,2048,1.5625,1.0,0.75
1250,2048,3051757.8125,1.0,0.8
1251,2048,3051757.8125,0.75,1.0
1252,2048,3051757.8125,1.0,0.9090909090909091
1253,2048,3051757.8125,1.0,0.5
1254,2048,3051757.8125,0.75,0.26666666666666666
1255,2048,3051757.8125,1.0,0.8
1256,2048,3051757.8125,0.75,1.0
1257,2048,3051757.8125,1.0,0.9090909090909091
1258,2048,3051757.8125,1.0,0.5
1259,2048,3051757.8125,0.75,0.26666666666666666
1260,2048,3051757.8125,1.0,0.8
1261,2048,3051757.8125,0.75,1.0
1262,2048,3051757.8125,1.0,0.9090909090909091
1263,2048,3051757.8125,1.0,0.5
1264,2048,3051757.8125,0.75,0.26666666666666666
1265,2048,3051757.8125,1.0,0.8
1266,2048,3051757.8125,0.75,1.0
1267,2048,3051757.8125,1.0,0.9090909090909091
1268,2048,3051757.8125,1.0,0.5
1269,2048,3051757.8125,0.75,0.26666666666666666
1270,2048,3051757.8125,1.0,0.8
1271,2048,3051757.8125,0.75,1.0
1272,2048,3051757.8125,1.0,0.9090909090909091
1273,2048,3051757.8125,1.0,0.5
1274,2048,3051757.8125,0.75,0.26666666666666666
1275,2048,13162170384226.713,1.0,0.8333333333333334
1276,2048,13162170384226.713,1.0,0.8333333333333334
1277,2048,13162170384226.713,1.0,0.8333333333333334
1278,2048,13162170384226.713,1.0,0.7692307692307692
1279,2048,13162170384226.713,1.0,0.8333333333333334
1280,2048,976.5625,1.0,0.8888888888888888
1281,2048,976.5625,1.0,0.7272727272727273
1282,2048,976.5625,1.0,0.8888888888888888
1283,2048,976.5625,1.0,0.7272727272727273
1284,2048,976.5625,1.0,0.8888888888888888
1285,2048,976.5625,1.0,0.7272727272727273
1286,2048,976.5625,1.0,0.8888888888888888
1287,2048,976.5625,1.0,0.7272727272727273
1288,2048,976.5625,1.0,0.8888888888888888
1289,2048,976.5625,1.0,0.7272727272727273
1290,2048,24414.0625,1.0,0.8888888888888888
1291,2048,24414.0625,1.0,0.8888888888888888
1292,2048,24414.0625,0.7499999999999999,0.6666666666666666
1293,2048,24414.0625,0.8571428571428572,0.8
1294,2048,24414.0625,1.0,0.7692307692307694
1295,2048,24414.0625,1.0,0.8333333333333334
1296,2048,24414.0625,0.8571428571428572,0.5
1297,2048,24414.0625,1.0,0.8888888888888888
1298,2048,24414.0625,1.0,0.8888888888888888
1299,2048,24414.0625,0.5714285714285714,0.6666666666666666
1300,2048,24414.0625,0.8571428571428572,0.8
1301,2048,24414.0625,1.0,0.7692307692307694
1302,2048,24414.0625,1.0,0.8333333333333334
1303,2048,24414.0625,0.8571428571428572,0.5
1304,2048,24414.0625,1.0,1.0
1305,2048,24414.0625,1.0,0.8888888888888888
1306,2048,24414.0625,0.7499999999999999,0.5
1307,2048,24414.0625,0.8571428571428572,0.8
1308,2048,24414.0625,1.0,0.7692307692307694
1309,2048,24414.0625,1.0,0.8333333333333334
1310,2048,24414.0625,0.8571428571428572,0.5
1311,2048,24414.0625,1.0,1.0
1312,2048,24414.0625,1.0,0.8888888888888888
1313,2048,24414.0625,0.7499999999999999,0.5
1314,2048,24414.0625,0.8571428571428572,0.8
1315,2048,24414.0625,1.0,0.7692307692307694
1316,2048,24414.0625,1.0,0.8333333333333334
1317,2048,24414.0625,0.8571428571428572,0.5
1318,2048,24414.0625,1.0,1.0
1319,2048,24414.0625,1.0,0.8888888888888888
1320,2048,24414.0625,0.7499999999999999,0.5
1321,2048,24414.0625,0.8571428571428572,0.8
1322,2048,24414.0625,1.0,0.7692307692307694
1323,2048,24414.0625,1.0,0.8333333333333334
1324,2048,24414.0625,0.8571428571428572,0.5
1325,2048,195.3125,1.0,0.6000000000000001
1326,2048,195.3125,1.0,0.6000000000000001
1327,2048,195.3125,1.0,0.6000000000000001
1328,2048,195.3125,1.0,0.6000000000000001
1329,2048,195.3125,1.0,0.6000000000000001
1330,2048,76293945.3125,1.0,0.9230769230769229
1331,2048,76293945.3125,0.5714285714285714,0.8333333333333334
1332,2048,76293945.3125,0.8571428571428572,0.823529411764706
1333,2048,76293945.3125,0.8888888888888888,0.5
1334,2048,76293945.3125,1.0,0.9230769230769229
1335,2048,76293945.3125,0.5714285714285714,0.8333333333333334
1336,2048,76293945.3125,0.8571428571428572,0.823529411764706
1337,2048,76293945.3125,0.8888888888888888,0.5
1338,2048,76293945.3125,1.0,0.9230769230769229
1339,2048,76293945.3125,0.5714285714285714,0.8333333333333334
1340,2048,76293945.3125,0.8571428571428572,0.823529411764706
1341,2048,76293945.3125,0.8888888888888888,0.5
1342,2048,76293945.3125,1.0,0.9230769230769229
1343,2048,76293945.3125,0.5714285714285714,0.8333333333333334
1344,2048,76293945.3125,0.8571428571428572,0.823529411764706
1345,2048,76293945.3125,0.8888888888888888,0.5
1346,2048,76293945.3125,1.0,0.8571428571428572
1347,2048,76293945.3125,0.5714285714285714,0.8333333333333334
1348,2048,76293945.3125,0.8571428571428572,0.875
1349,2048,76293945.3125,0.8888888888888888,0.5
1350,2048,15258789.0625,1.0,0.6153846153846154
1351,2048,15258789.0625,1.0,0.6153846153846154
1352,2048,15258789.0625,1.0,0.6153846153846154
1353,2048,15258789.0625,1.0,0.6153846153846154
1354,2048,15258789.0625,1.0,0.6153846153846154
1355,2048,1692665944.4736,1.0,1.0
1356,2048,1692665944.4736,1.0,0.7142857142857143
1357,2048,1692665944.4736,1.0,1.0
1358,2048,1692665944.4736,1.0,0.8571428571428571
1359,2048,1692665944.4736,1.0,1.0
1360,2048,1692665944.4736,1.0,0.8571428571428571
1361,2048,1692665944.4736,1.0,1.0
1362,2048,1692665944.4736,1.0,0.8571428571428571
1363,2048,1692665944.4736,1.0,1.0
1364,2048,1692665944.4736,1.0,0.7142857142857143
1365,2048,610351.5625,1.0,0.7692307692307694
1366,2048,610351.5625,1.0,0.7692307692307694
1367,2048,610351.5625,1.0,0.7692307692307694
1368,2048,610351.5625,1.0,0.7692307692307694
1369,2048,610351.5625,1.0,0.7692307692307694
1370,2048,390982104858298.8,1.0,0.8
1371,2048,390982104858298.8,1.0,0.8
1372,2048,390982104858298.8,1.0,0.8
1373,2048,390982104858298.8,0.7499999999999999,0.8571428571428572
1374,2048,390982104858298.8,1.0,0.8
1375,2048,47018498.4576,1.0,0.8333333333333334
1376,2048,47018498.4576,1.0,0.8333333333333334
1377,2048,47018498.4576,1.0,0.8333333333333334
1378,2048,47018498.4576,1.0,0.8333333333333334
1379,2048,47018498.4576,1.0,0.8333333333333334
1380,2048,7836416.4096,1.0,0.7692307692307694
1381,2048,7836416.4096,1.0,0.9473684210526315
1382,2048,7836416.4096,1.0,0.7692307692307694
1383,2048,7836416.4096,1.0,0.9473684210526315
1384,2048,7836416.4096,1.0,0.7692307692307694
1385,2048,7836416.4096,1.0,0.9473684210526315
1386,2048,7836416.4096,1.0,0.7692307692307694
1387,2048,7836416.4096,1.0,0.9473684210526315
1388,2048,7836416.4096,1.0,0.7692307692307694
1389,2048,7836416.4096,1.0,0.9473684210526315
1390,2048,23263051398.7207,0.8888888888888888,0.1111111111111111
1391,2048,23263051398.7207,0.8888888888888888,0.375
1392,2048,23263051398.7207,0.8888888888888888,0.1111111111111111
1393,2048,23263051398.7207,0.8888888888888888,0.375
1394,2048,23263051398.7207,0.8888888888888888,0.1111111111111111
1395,2048,23263051398.7207,0.8888888888888888,0.375
1396,2048,23263051398.7207,0.8888888888888888,0.1111111111111111
1397,2048,23263051398.7207,0.8888888888888888,0.375
1398,2048,23263051398.7207,0.8888888888888888,0.1111111111111111
1399,2048,23263051398.7207,0.8888888888888888,0.375
1400,2048,5.233476330273605e+22,1.0,0.7777777777777779
1401,2048,5.233476330273605e+22,1.0,0.7368421052631579
1402,2048,5.233476330273605e+22,0.9090909090909091,0.6666666666666666
1403,2048,5.233476330273605e+22,0.9090909090909091,0.6666666666666666
1404,2048,5.233476330273605e+22,1.0,0.7777777777777779
1405,2048,115292150460684.7,1.0,0.9333333333333333
1406,2048,115292150460684.7,1.0,0.8235294117647058
1407,2048,115292150460684.7,1.0,0.875
1408,2048,115292150460684.7,1.0,0.8421052631578947
1409,2048,115292150460684.7,1.0,1.0
1410,2048,115292150460684.7,1.0,0.8235294117647058
1411,2048,115292150460684.7,1.0,0.875
1412,2048,115292150460684.7,1.0,0.8421052631578947
1413,2048,115292150460684.7,1.0,1.0
1414,2048,115292150460684.7,1.0,0.8235294117647058
1415,2048,115292150460684.7,1.0,0.875
1416,2048,115292150460684.7,1.0,0.8421052631578947
1417,2048,115292150460684.7,1.0,1.0
1418,2048,115292150460684.7,1.0,0.8235294117647058
1419,2048,115292150460684.7,0.8888888888888888,0.875
1420,2048,115292150460684.7,1.0,0.8421052631578947
1421,2048,115292150460684.7,1.0,1.0
1422,2048,115292150460684.7,1.0,0.8235294117647058
1423,2048,115292150460684.7,1.0,0.875
1424,2048,115292150460684.7,1.0,0.8421052631578947
1425,2048,14411518807585.588,0.6666666666666666,0.6666666666666666
1426,2048,14411518807585.588,0.8,1.0
1427,2048,14411518807585.588,0.8888888888888888,0.13333333333333333
1428,2048,14411518807585.588,1.0,0.9473684210526315
1429,2048,14411518807585.588,0.6666666666666666,0.6666666666666666
1430,2048,14411518807585.588,0.8,1.0
1431,2048,14411518807585.588,0.8888888888888888,0.13333333333333333
1432,2048,14411518807585.588,1.0,0.9473684210526315
1433,2048,14411518807585.588,0.6666666666666666,0.6666666666666666
1434,2048,14411518807585.588,0.8,1.0
1435,2048,14411518807585.588,0.8888888888888888,0.13333333333333333
1436,2048,14411518807585.588,1.0,0.9473684210526315
1437,2048,14411518807585.588,0.6666666666666666,0.6666666666666666
1438,2048,14411518807585.588,0.8,1.0
1439,2048,14411518807585.588,0.8888888888888888,0.13333333333333333
1440,2048,14411518807585.588,1.0,0.9473684210526315
1441,2048,14411518807585.588,0.6666666666666666,0.6666666666666666
1442,2048,14411518807585.588,0.8,1.0
1443,2048,14411518807585.588,0.8888888888888888,0.13333333333333333
1444,2048,14411518807585.588,1.0,0.9473684210526315
1445,2048,1667718169966.657,1.0,0.631578947368421
1446,2048,1667718169966.657,1.0,0.6000000000000001
1447,2048,1667718169966.657,1.0,0.631578947368421
1448,2048,1667718169966.657,1.0,0.631578947368421
1449,2048,1667718169966.657,1.0,0.631578947368421
1450,2048,6.461081889226673e+20,1.0,0.8888888888888888
1451,2048,6.461081889226673e+20,1.0,0.8888888888888888
1452,2048,6.461081889226673e+20,1.0,0.8888888888888888
1453,2048,6.461081889226673e+20,1.0,0.8888888888888888
1454,2048,6.461081889226673e+20,1.0,0.8888888888888888
1455,2048,5.814973700304006e+21,1.0,0.7777777777777779
1456,2048,5.814973700304006e+21,0.7058823529411764,0.7096774193548386
1457,2048,5.814973700304006e+21,0.6666666666666666,0.38095238095238093
1458,2048,5.814973700304006e+21,1.0,0.7777777777777779
1459,2048,5.814973700304006e+21,0.6666666666666666,0.6875
1460,2048,5.814973700304006e+21,0.6666666666666666,0.38095238095238093
1461,2048,5.814973700304006e+21,1.0,0.7777777777777779
1462,2048,5.814973700304006e+21,0.7058823529411764,0.7096774193548386
1463,2048,5.814973700304006e+21,0.75,0.38095238095238093
1464,2048,5.814973700304006e+21,1.0,0.7777777777777779
1465,2048,5.814973700304006e+21,0.7058823529411764,0.6875
1466,2048,5.814973700304006e+21,0.75,0.38095238095238093
1467,2048,5.814973700304006e+21,1.0,0.7777777777777779
1468,2048,5.814973700304006e+21,0.6,0.6451612903225807
1469,2048,5.814973700304006e+21,0.6666666666666666,0.38095238095238093
1470,2048,135085171767299.2,1.0,1.0
1471,2048,135085171767299.2,1.0,1.0
1472,2048,135085171767299.2,1.0,1.0
1473,2048,135085171767299.2,1.0,1.0
1474,2048,135085171767299.2,1.0,1.0
1475,2048,225179981368.5248,1.0,0.9333333333333333
1476,2048,225179981368.5248,1.0,0.9333333333333333
1477,2048,225179981368.5248,1.0,0.9333333333333333
1478,2048,225179981368.5248,1.0,0.9333333333333333
1479,2048,225179981368.5248,1.0,0.9333333333333333
1480,2048,2287679245.4961,1.0,0.4444444444444444
1481,2048,2287679245.4961,1.0,0.4444444444444444
1482,2048,2287679245.4961,1.0,0.4444444444444444
1483,2048,2287679245.4961,1.0,0.4444444444444444
1484,2048,2287679245.4961,1.0,0.4444444444444444
1485,2048,922337203685477.6,0.8888888888888888,0.16
1486,2048,922337203685477.6,1.0,0.6956521739130435
1487,2048,922337203685477.6,0.9090909090909091,0.3157894736842105
1488,2048,922337203685477.6,1.0,0.16
1489,2048,922337203685477.6,1.0,0.6956521739130435
1490,2048,922337203685477.6,0.9090909090909091,0.3157894736842105
1491,2048,922337203685477.6,1.0,0.3076923076923077
1492,2048,922337203685477.6,1.0,0.8695652173913044
1493,2048,922337203685477.6,0.9090909090909091,0.3157894736842105
1494,2048,922337203685477.6,0.8888888888888888,0.16
1495,2048,922337203685477.6,1.0,0.6956521739130435
1496,2048,922337203685477.6,0.8333333333333334,0.3157894736842105
1497,2048,922337203685477.6,1.0,0.32
1498,2048,922337203685477.6,1.0,0.9565217391304348
1499,2048,922337203685477.6,0.9090909090909091,0.3157894736842105
1500,2048,5.902958103587057e+16,0.8571428571428572,0.9090909090909091
1501,2048,5.902958103587057e+16,0.8571428571428572,0.9090909090909091
1502,2048,5.902958103587057e+16,0.8571428571428572,0.9090909090909091
1503,2048,5.902958103587057e+16,0.8571428571428572,0.9090909090909091
1504,2048,5.902958103587057e+16,0.8571428571428572,0.8571428571428572
1505,2048,8.8629381196525e+17,1.0,0.45454545454545453
1506,2048,8.8629381196525e+17,1.0,0.45454545454545453
1507,2048,8.8629381196525e+17,1.0,0.45454545454545453
1508,2048,8.8629381196525e+17,1.0,0.45454545454545453
1509,2048,8.8629381196525e+17,1.0,0.45454545454545453
1510,2048,4.7223664828696454e+17,1.0,0.6
1511,2048,4.7223664828696454e+17,0.9230769230769229,0.4
1512,2048,4.7223664828696454e+17,0.9230769230769229,0.4
1513,2048,4.7223664828696454e+17,0.8,0.4
1514,2048,4.7223664828696454e+17,1.0,0.6
1515,2048,1801439850948.1985,1.0,0.5714285714285714
1516,2048,1801439850948.1985,0.9230769230769229,0.6666666666666666
1517,2048,1801439850948.1985,1.0,1.0
1518,2048,1801439850948.1985,0.8,0.7619047619047619
1519,2048,1801439850948.1985,1.0,0.5714285714285714
1520,2048,1801439850948.1985,0.9230769230769229,0.6666666666666666
1521,2048,1801439850948.1985,1.0,1.0
1522,2048,1801439850948.1985,0.8,0.7619047619047619
1523,2048,1801439850948.1985,0.8333333333333334,0.5714285714285714
1524,2048,1801439850948.1985,0.9230769230769229,0.6666666666666666
1525,2048,1801439850948.1985,1.0,1.0
1526,2048,1801439850948.1985,0.6666666666666666,0.7619047619047619
1527,2048,1801439850948.1985,0.9230769230769229,0.5714285714285714
1528,2048,1801439850948.1985,0.9230769230769229,0.6666666666666666
1529,2048,1801439850948.1985,1.0,1.0
1530,2048,1801439850948.1985,0.8,0.7619047619047619
1531,2048,1801439850948.1985,1.0,0.5714285714285714
1532,2048,1801439850948.1985,0.9230769230769229,0.6666666666666666
1533,2048,1801439850948.1985,1.0,1.0
1534,2048,1801439850948.1985,0.8,0.7619047619047619
1535,2048,9.847709021836112e+16,0.9230769230769229,0.8571428571428572
1536,2048,9.847709021836112e+16,0.9230769230769229,0.8571428571428572
1537,2048,9.847709021836112e+16,0.9230769230769229,0.8571428571428572
1538,2048,9.847709021836112e+16,0.9230769230769229,0.8571428571428572
1539,2048,9.847709021836112e+16,0.8571428571428571,0.8571428571428572
1540,2048,1e+24,1.0,0.5806451612903226
1541,2048,1e+24,0.875,0.6666666666666666
1542,2048,1e+24,1.0,0.19354838709677422
1543,2048,1e+24,0.875,0.64
1544,2048,1e+24,1.0,0.5806451612903226
1545,2048,1e+24,0.875,0.6666666666666666
1546,2048,1e+24,1.0,0.5806451612903226
1547,2048,1e+24,0.875,0.6666666666666666
1548,2048,1e+24,1.0,0.18749999999999997
1549,2048,1e+24,0.875,0.64
1550,2048,7378697629483821.0,1.0,0.7368421052631579
1551,2048,7378697629483821.0,0.6153846153846154,0.9473684210526315
1552,2048,7378697629483821.0,1.0,0.7368421052631579
1553,2048,7378697629483821.0,0.6153846153846154,0.9473684210526315
1554,2048,7378697629483821.0,1.0,0.8
1555,2048,7378697629483821.0,0.6153846153846154,0.9473684210526315
1556,2048,7378697629483821.0,1.0,0.7368421052631579
1557,2048,7378697629483821.0,0.6153846153846154,0.9473684210526315
1558,2048,7378697629483821.0,1.0,0.7368421052631579
1559,2048,7378697629483821.0,0.6666666666666666,0.6
1560,2048,3.022314549036573e+19,1.0,1.0
1561,2048,3.022314549036573e+19,1.0,1.0
1562,2048,3.022314549036573e+19,1.0,1.0
1563,2048,3.022314549036573e+19,1.0,1.0
1564,2048,3.022314549036573e+19,1.0,1.0
1565,2048,28147497671.0656,0.8571428571428572,0.8181818181818181
1566,2048,28147497671.0656,0.8571428571428572,0.8181818181818181
1567,2048,28147497671.0656,0.8571428571428572,0.8181818181818181
1568,2048,28147497671.0656,0.8571428571428572,0.8181818181818181
1569,2048,28147497671.0656,0.8571428571428572,0.8181818181818181
1570,2048,3.7778931862957164e+18,0.9090909090909091,0.8999999999999999
1571,2048,3.7778931862957164e+18,0.9090909090909091,0.6363636363636364
1572,2048,3.7778931862957164e+18,0.9090909090909091,0.8999999999999999
1573,2048,3.7778931862957164e+18,0.9090909090909091,0.6363636363636364
1574,2048,3.7778931862957164e+18,0.9090909090909091,0.8999999999999999
1575,2048,3.7778931862957164e+18,0.9090909090909091,0.6363636363636364
1576,2048,3.7778931862957164e+18,0.9090909090909091,0.8999999999999999
1577,2048,3.7778931862957164e+18,0.9090909090909091,0.6363636363636364
1578,2048,3.7778931862957164e+18,0.9090909090909091,0.9473684210526315
1579,2048,3.7778931862957164e+18,0.9090909090909091,0.6363636363636364
1580,2048,1.9342813113834068e+21,0.9090909090909091,0.4545454545454546
1581,2048,1.9342813113834068e+21,0.8571428571428572,0.5263157894736842
1582,2048,1.9342813113834068e+21,0.9090909090909091,0.4545454545454546
1583,2048,1.9342813113834068e+21,0.8571428571428572,0.5263157894736842
1584,2048,1.9342813113834068e+21,0.9090909090909091,0.4545454545454546
1585,2048,1.9342813113834068e+21,0.7142857142857143,0.5263157894736842
1586,2048,1.9342813113834068e+21,0.9090909090909091,0.4545454545454546
1587,2048,1.9342813113834068e+21,0.8571428571428572,0.5263157894736842
1588,2048,1.9342813113834068e+21,0.9090909090909091,0.4545454545454546
1589,2048,1.9342813113834068e+21,0.8571428571428572,0.5263157894736842
1590,2048,1.0941898913151236e+16,1.0,0.6666666666666666
1591,2048,1.0941898913151236e+16,1.0,0.6666666666666666
1592,2048,1.0941898913151236e+16,1.0,0.47619047619047616
1593,2048,1.0941898913151236e+16,1.0,0.47619047619047616
1594,2048,1.0941898913151236e+16,1.0,0.47619047619047616
1595,2048,1.4420993610649923e+25,1.0,0.8888888888888888
1596,2048,1.4420993610649923e+25,1.0,0.8888888888888888
1597,2048,1.4420993610649923e+25,1.0,0.14814814814814814
1598,2048,1.4420993610649923e+25,1.0,0.8888888888888888
1599,2048,1.4420993610649923e+25,1.0,0.8888888888888888
