mutation_id	sample_id	cluster_id	cellular_prevalence	cellular_prevalence_std	variant_allele_frequency
10:132876570	adnexa_site_1	20	0.647502821796753	0.23719987411553253	0.12913024151726182
10:132876570	right_ovary_site_1	20	0.8315080424217307	0.16359196929902475	0.19135781727764525
10:132876570	right_ovary_site_2	20	0.7798773233339213	0.18708480909055789	0.2488070586116863
10:132876570	omentum_site_1	20	0.5434259482084091	0.10593580821265866	0.09846543366165436
10:31417684	adnexa_site_1	9	0.0013692015814303292	0.0035078706940589155	0.0005794279886895656
10:31417684	right_ovary_site_1	9	0.002042077079488712	0.0074650464619368416	0.00054583584705105
10:31417684	right_ovary_site_2	9	0.4975492826365127	0.05134299629699499	0.11570029123643102
10:31417684	omentum_site_1	9	0.0019280708657807863	0.008765202551975756	0.0007179582194636158
10:60921283	adnexa_site_1	9	0.001391101350824281	0.0042566667744691105	0.0
10:60921283	right_ovary_site_1	9	0.0020296229293199895	0.005655594114554663	0.0
10:60921283	right_ovary_site_2	9	0.49771297155569544	0.05094542205916994	0.17886084741838387
10:60921283	omentum_site_1	9	0.0019203861250286945	0.009055409695724327	0.00037509377344336085
10:73767465	adnexa_site_1	16	0.8895012137445046	0.19363183055608135	0.3333333333333333
10:73767465	right_ovary_site_1	16	0.5976761590553403	0.448966561464801	
10:73767465	right_ovary_site_2	16	0.6101852343877704	0.4593525935812426	0.0
10:73767465	omentum_site_1	16	0.5742703774026421	0.3961380148411972	0.0
10:8067615	adnexa_site_1	1	0.84658050297802	0.17784971342415268	0.12047433203242269
10:8067615	right_ovary_site_1	1	0.7708790744918906	0.17753969714372342	0.11392587261604893
10:8067615	right_ovary_site_2	1	0.8954282919995988	0.15917208777289843	0.14720740948638789
10:8067615	omentum_site_1	1	0.4304640229195236	0.11014967390229394	0.048024441316810274
11:1090337	adnexa_site_1	0	0.9748594806301153	0.08571263969262442	0.17542662116040955
11:1090337	right_ovary_site_1	0	0.9638834338899702	0.09652201391994	0.20012953367875647
11:1090337	right_ovary_site_2	0	0.9822133294133968	0.06093742839873704	0.17007597895967272
11:1090337	omentum_site_1	0	0.8897529190055696	0.18849242279427142	0.17826617826617827
11:124413184	adnexa_site_1	0	0.9850082959021543	0.0587261705831289	0.2734418865805727
11:124413184	right_ovary_site_1	0	0.9836781567876446	0.052096424053616905	0.21947004608294932
11:124413184	right_ovary_site_2	0	0.9890014849640402	0.0391277284182048	0.18927589367552705
11:124413184	omentum_site_1	0	0.9436034596079071	0.12379026692385174	0.17717862301396245
11:131095900	adnexa_site_1	3	0.7066586802927366	0.21935189813533337	0.07764719306252853
11:131095900	right_ovary_site_1	3	0.006626390799724641	0.01063134804204071	0.0009446773336482258
11:131095900	right_ovary_site_2	3	0.005979115709674859	0.009232996317529486	0.0006284916201117318
11:131095900	omentum_site_1	3	0.00750001456888897	0.009104872572970381	0.0002750842445498934
11:55860814	adnexa_site_1	0	0.9826365485520854	0.051740106674597434	0.2118003025718608
11:55860814	right_ovary_site_1	0	0.9732156217628825	0.06813681464981163	0.22524436889077773
11:55860814	right_ovary_site_2	0	0.9874971330762737	0.03444026057974803	0.20392022008253094
11:55860814	omentum_site_1	0	0.894925497187138	0.18269349355031742	0.18221343873517787
12:34513284	adnexa_site_1	10	0.37766328738497706	0.3866395827531068	0.05278125355477192
12:34513284	right_ovary_site_1	10	0.4985215129354733	0.30369755976755614	0.0706386820130896
12:34513284	right_ovary_site_2	10	0.5015484836234142	0.43023217732784014	0.07672524646378054
12:34513284	omentum_site_1	10	0.35973021312105424	0.20793954450932078	0.02018953440461475
12:60547365	adnexa_site_1	0	0.8303650881543998	0.20889876834571464	0.318620048786154
12:60547365	right_ovary_site_1	0	0.9063885442995426	0.16011839343064205	0.2000773245698821
12:60547365	right_ovary_site_2	0	0.8564725653667511	0.1923478606181971	0.2683384110616358
12:60547365	omentum_site_1	0	0.7673927508148084	0.2366676490240815	0.17533534081576785
12:75103455	adnexa_site_1	1	0.8308186126588469	0.20969312163349083	0.25737416844483496
12:75103455	right_ovary_site_1	1	0.8411438939213814	0.1567607473933037	0.1720877683296664
12:75103455	right_ovary_site_2	1	0.8940820986671902	0.1513984940493292	0.16187845303867404
12:75103455	omentum_site_1	1	0.5575866316590595	0.18894244585026265	0.0838605465069323
13:107046907	adnexa_site_1	15	0.001991512737744761	0.007499822578460405	0.0
13:107046907	right_ovary_site_1	15	0.0024017210485554044	0.0025819347969600723	0.00011898741708064372
13:107046907	right_ovary_site_2	15	0.002936285919180483	0.0054003570423355905	0.0
13:107046907	omentum_site_1	15	0.10339047850417293	0.019461811758786817	6.177415369409439e-05
13:19748187	adnexa_site_1	0	0.9942838977950249	0.009238175393361275	0.46200873362445416
13:19748187	right_ovary_site_1	0	0.9902695772096697	0.023978457332717296	0.4453941120607787
13:19748187	right_ovary_site_2	0	0.9934932138665284	0.009736764415067068	0.4798611111111111
13:19748187	omentum_site_1	0	0.9689382523738934	0.06427540567713941	0.4174496644295302
13:52682535	adnexa_site_1	0	0.9159376587224524	0.17984446597520623	0.1435969868173258
13:52682535	right_ovary_site_1	0	0.8878183058668269	0.1933607377130526	0.16297786720321933
13:52682535	right_ovary_site_2	0	0.919182524242804	0.1702149254558628	0.18938233792751405
13:52682535	omentum_site_1	0	0.7955941681562648	0.25772634164889563	0.12481278082875687
14:55203874	adnexa_site_1	1	0.906165030391706	0.13402268739985315	0.2532051282051282
14:55203874	right_ovary_site_1	1	0.8416307956460036	0.15204521522370043	0.19586894586894588
14:55203874	right_ovary_site_2	1	0.940396566875913	0.10200401071099466	0.25203252032520324
14:55203874	omentum_site_1	1	0.5924332538984198	0.2199194180068047	0.1175
15:92170519	adnexa_site_1	0	0.9812157011386675	0.039607518995956714	0.2428941786471836
15:92170519	right_ovary_site_1	0	0.9722764979799362	0.050049295268055384	0.24582701062215478
15:92170519	right_ovary_site_2	0	0.9890350501031071	0.017189462466071066	0.3074800230661504
15:92170519	omentum_site_1	0	0.8732128064364082	0.1917732749644352	0.1266658007533446
16:14645907	adnexa_site_1	4	0.9328507625481977	0.06224080836717304	0.26805337519623235
16:14645907	right_ovary_site_1	4	0.003613931772630307	0.006136948800064078	0.0
16:14645907	right_ovary_site_2	4	0.004281721488630342	0.00890219698796039	0.0007619047619047619
16:14645907	omentum_site_1	4	0.5415373264691502	0.057775965744403496	0.08217270194986072
16:312111	adnexa_site_1	0	0.9948479026112776	0.00978315372079738	0.33783783783783783
16:312111	right_ovary_site_1	0	0.9926896588062626	0.011821830367641352	0.23493975903614459
16:312111	right_ovary_site_2	0	0.9937386929074917	0.011558454563233539	0.21311475409836064
16:312111	omentum_site_1	0	0.9772435401936344	0.02831195722757856	0.22362869198312235
18:14763776	adnexa_site_1	6	0.9098687047807614	0.1296264800186996	0.1810394060536836
18:14763776	right_ovary_site_1	6	0.8814517303855844	0.12795937382015832	0.1747624076029567
18:14763776	right_ovary_site_2	6	0.9447626954358708	0.0939663260287818	0.17862444334487879
18:14763776	omentum_site_1	6	0.6419577424452633	0.23360490543650975	0.09562154001006543
18:24879282	adnexa_site_1	0	0.9886869711978956	0.047115099735149026	0.24774584983567877
18:24879282	right_ovary_site_1	0	0.9871175426018279	0.03735608006028234	0.21001855287569574
18:24879282	right_ovary_site_2	0	0.9899509050273669	0.03740992621745232	0.23051498027508263
18:24879282	omentum_site_1	0	0.950471513739936	0.11175249025574546	0.17542883634677794
18:55143868	adnexa_site_1	18	0.1257249778380682	0.07741661401633637	0.03187250996015936
18:55143868	right_ovary_site_1	18	0.24333840261248293	0.1278057137044807	0.05016722408026756
18:55143868	right_ovary_site_2	18	0.05477109966375559	0.040064087469179575	0.009415833973866257
18:55143868	omentum_site_1	18	0.03329404214518342	0.03176101960108484	0.0009603841536614646
18:60784355	adnexa_site_1	9	0.0013497212868883726	0.002305713422654655	0.0007140906895175687
18:60784355	right_ovary_site_1	9	0.0021076291242992113	0.01039017402869965	0.0013523843123419768
18:60784355	right_ovary_site_2	9	0.49780354477479766	0.05076233507524214	0.2470014090799739
18:60784355	omentum_site_1	9	0.0018143057101550745	0.0013410336655025213	0.0008470609215131183
18:61323103	adnexa_site_1	0	0.9860361217616899	0.05368114441411505	0.26851851851851855
18:61323103	right_ovary_site_1	0	0.9847040983084436	0.04304606332424545	0.19349005424954793
18:61323103	right_ovary_site_2	0	0.9880843049261466	0.04385643755145168	0.2217391304347826
18:61323103	omentum_site_1	0	0.9437744563677719	0.12360149797452952	0.1650326797385621
19:37734342	adnexa_site_1	0	0.979516264368208	0.07426386856723224	0.31487658438959304
19:37734342	right_ovary_site_1	0	0.9816155906078029	0.05643092884153715	0.2674344209852847
19:37734342	right_ovary_site_2	0	0.9821424167145478	0.06566738115964113	0.27237728585178056
19:37734342	omentum_site_1	0	0.9327671991111882	0.1368807440748284	0.20209424083769634
19:47918051	adnexa_site_1	21	0.6366376868709303	0.435905522253666	
19:47918051	right_ovary_site_1	21	0.5916729871744756	0.4183923592081068	
19:47918051	right_ovary_site_2	21	0.6051519735606034	0.44027425894870337	
19:47918051	omentum_site_1	21	0.5336840541941101	0.3961728319737629	
19:55086989	adnexa_site_1	0	0.9787576282324156	0.07515980223054564	0.24818840579710144
19:55086989	right_ovary_site_1	0	0.9749686989555599	0.07075680654426805	0.26980942828485455
19:55086989	right_ovary_site_2	0	0.984248188868291	0.05511430886682618	0.2666184971098266
19:55086989	omentum_site_1	0	0.915670624036689	0.157763169605348	0.2099056603773585
19:7831076	adnexa_site_1	0	0.9818968965811681	0.06470298785806321	0.1732283464566929
19:7831076	right_ovary_site_1	0	0.9780862865314576	0.059119398417318905	0.16102136529442418
19:7831076	right_ovary_site_2	0	0.9851103133255956	0.04686735936402895	0.1606543624161074
19:7831076	omentum_site_1	0	0.9253121249698006	0.15300577169946475	0.13025724785626785
1:14565503	adnexa_site_1	9	0.0013978085018359415	0.00593193881373347	5.8115883070843265e-05
1:14565503	right_ovary_site_1	9	0.002070567894715312	0.00724113309867531	0.0
1:14565503	right_ovary_site_2	9	0.4978420395184227	0.05071576990700569	0.22704296545914068
1:14565503	omentum_site_1	9	0.0018766709283131824	0.006606314091607957	3.222376180195276e-05
1:164435529	adnexa_site_1	0	0.9581923448086987	0.1118345405828414	0.190567779658409
1:164435529	right_ovary_site_1	0	0.9446810902298328	0.11006496428785362	0.13415756411795302
1:164435529	right_ovary_site_2	0	0.9644600317569487	0.09315960902643264	0.1270718232044199
1:164435529	omentum_site_1	0	0.8540125471015226	0.2196298230872672	0.097539941902687
1:170867808	adnexa_site_1	0	0.9861974900407575	0.048770573270376705	0.17793103448275863
1:170867808	right_ovary_site_1	0	0.9798538477133472	0.05593731032180342	0.15701366172791995
1:170867808	right_ovary_site_2	0	0.9891000859588106	0.032406787663534636	0.16956942428640542
1:170867808	omentum_site_1	0	0.9295151231871419	0.14993283750746636	0.11529051987767584
1:178626741	adnexa_site_1	15	0.0019386271097030477	0.005530099542830346	0.0009803258738422013
1:178626741	right_ovary_site_1	15	0.0024734012835260243	0.003820202184788549	0.0008161322134185738
1:178626741	right_ovary_site_2	15	0.003059898389437317	0.006653718867871641	0.0008771197059560605
1:178626741	omentum_site_1	15	0.10764277093641278	0.03434682627482599	0.05592140014790295
20:59602437	adnexa_site_1	5	0.001980698982626047	0.005344124860363134	2.8854199728770522e-05
20:59602437	right_ovary_site_1	5	0.6244798434346389	0.07424611830389352	0.10206504420631697
20:59602437	right_ovary_site_2	5	0.0033933452050393365	0.010072251741775739	0.0001839655616468597
20:59602437	omentum_site_1	5	0.0022819008655437594	0.0027445021278110293	3.091859134897814e-05
2:146213741	adnexa_site_1	4	0.9328352109175224	0.06236380876022674	0.20796634678585513
2:146213741	right_ovary_site_1	4	0.0036012096518248313	0.005098607707464163	0.0
2:146213741	right_ovary_site_2	4	0.004212885268319811	0.0035040843488555293	0.00030596634370219276
2:146213741	omentum_site_1	4	0.5415741711113489	0.05763815178440519	0.10164447924823805
2:234527033	adnexa_site_1	0	0.9656968388490149	0.09909551372759717	0.25829675153643544
2:234527033	right_ovary_site_1	0	0.956939292170326	0.1039772066415332	0.2127365020766036
2:234527033	right_ovary_site_2	0	0.9732812337021787	0.08386305150660557	0.19094540612516644
2:234527033	omentum_site_1	0	0.8836564848237962	0.18877947826211428	0.21122994652406418
2:236380479	adnexa_site_1	0	0.8739393005173486	0.15851455238439277	0.31198127261119385
2:236380479	right_ovary_site_1	0	0.9163033634013551	0.13359721347197584	0.1508434787356008
2:236380479	right_ovary_site_2	0	0.8853176375720974	0.16063846155063366	0.23771146445944966
2:236380479	omentum_site_1	0	0.7962214497725151	0.22958087163581414	0.12464131994261118
2:48641083	adnexa_site_1	2	0.009430494513115553	0.008794463521388447	7.073386383731211e-05
2:48641083	right_ovary_site_1	2	0.6059678535027124	0.07242999000639626	0.15584362476486463
2:48641083	right_ovary_site_2	2	0.8755970459247073	0.13616147605874207	0.1688030888030888
2:48641083	omentum_site_1	2	0.4875681002861768	0.05902358474318714	0.07970419063270337
2:60640157	adnexa_site_1	0	0.9545848758303668	0.10535948843290809	0.2777777777777778
2:60640157	right_ovary_site_1	0	0.9455849240811711	0.09789727239907788	0.2663387210119466
2:60640157	right_ovary_site_2	0	0.969961782767437	0.0789880430057087	0.16839378238341968
2:60640157	omentum_site_1	0	0.8545490602802868	0.2045234142151032	0.17574257425742573
3:180075072	adnexa_site_1	0	0.904475530845897	0.2049216515874405	0.15171083905107852
3:180075072	right_ovary_site_1	0	0.900610112916123	0.18116139886959173	0.14541769334711072
3:180075072	right_ovary_site_2	0	0.934924361325998	0.1653000469598352	0.13350349572744424
3:180075072	omentum_site_1	0	0.7561958968445434	0.2556310454794819	0.06141493055555555
3:73147651	adnexa_site_1	8	0.006864682766146848	0.009014534203865238	4.191817572099262e-05
3:73147651	right_ovary_site_1	8	0.1975276247210801	0.046773191288395646	0.03327562180651155
3:73147651	right_ovary_site_2	8	0.006016029647769597	0.007365856578321505	0.0
3:73147651	omentum_site_1	8	0.4316077584994013	0.07877333302833901	0.05934843444743651
4:111929332	adnexa_site_1	3	0.8860476993305285	0.04793680149640142	0.2324837530463038
4:111929332	right_ovary_site_1	3	0.002532556990781795	0.0042204097366984085	0.00021341300752280852
4:111929332	right_ovary_site_2	3	0.0035476018219291914	0.001445305220227378	0.0001327756754962491
4:111929332	omentum_site_1	3	0.0047468499739623535	0.00674300756654297	0.00014083515245405255
4:138560557	adnexa_site_1	11	0.09392179175432913	0.043718110767804075	0.01369822832336032
4:138560557	right_ovary_site_1	11	0.24455496743457142	0.05713128272528575	0.06438140521091014
4:138560557	right_ovary_site_2	11	0.05057071828462131	0.027480605350872687	0.018672864241064274
4:138560557	omentum_site_1	11	0.3825852306768774	0.0725672584423475	0.0850185317640939
4:31914383	adnexa_site_1	3	0.7316756321646328	0.19982577602129376	0.13505188067444876
4:31914383	right_ovary_site_1	3	0.005220286222649165	0.008590264700247346	0.0006320862797771896
4:31914383	right_ovary_site_2	3	0.005258850410898898	0.006101089110125887	0.0006796556411418215
4:31914383	omentum_site_1	3	0.007036056002901313	0.00654890153373338	0.000938906335998964
5:101585347	adnexa_site_1	0	0.9905318380044937	0.03625860583417553	0.22642910170749814
5:101585347	right_ovary_site_1	0	0.9865367174994155	0.03893020567251783	0.22347754202259576
5:101585347	right_ovary_site_2	0	0.9914168310338483	0.023995840556713607	0.18718343977097557
5:101585347	omentum_site_1	0	0.9510387637798738	0.11179105584694232	0.16207729468599033
5:140167067	adnexa_site_1	0	0.990281989226638	0.029011801046481895	0.46875
5:140167067	right_ovary_site_1	0	0.9839095845964484	0.04911923905413335	0.23076923076923078
5:140167067	right_ovary_site_2	0	0.989883788613787	0.032500199858350495	0.2608695652173913
5:140167067	omentum_site_1	0	0.9498761613207253	0.11182502199143636	0.2857142857142857
5:165498737	adnexa_site_1	3	0.877593498437999	0.07479415921028612	0.22055759499950392
5:165498737	right_ovary_site_1	3	0.0025792700347699103	0.0021402408878279304	0.00034113683851434907
5:165498737	right_ovary_site_2	3	0.003615965773049165	0.0023662347306327037	0.00045485558335228563
5:165498737	omentum_site_1	3	0.004815823158155205	0.007848809938478587	0.0006726834463815236
5:2009891	adnexa_site_1	9	0.0014497159363366862	0.00888369454263136	0.0003212679374598415
5:2009891	right_ovary_site_1	9	0.0020305365543171485	0.009335816449048158	0.00033982782057091076
5:2009891	right_ovary_site_2	9	0.4973675985123735	0.051848045440924834	0.042631731325998845
5:2009891	omentum_site_1	9	0.0019599364404758028	0.008950841146809236	0.00031583601793948584
5:2250822	adnexa_site_1	5	0.002224323096630517	0.005004893991450103	0.002285881036914547
5:2250822	right_ovary_site_1	5	0.624501539129614	0.07758598523911953	0.1034014426704494
5:2250822	right_ovary_site_2	5	0.00350109531195691	0.006005210572150625	0.004222024247588798
5:2250822	omentum_site_1	5	0.0023902351957935408	0.005654678118075468	0.0011064593301435407
5:28524898	adnexa_site_1	19	0.6968242447204627	0.26597200418559763	0.09137412236710131
5:28524898	right_ovary_site_1	19	0.7991522942055742	0.21958162106306	0.1279490106544901
5:28524898	right_ovary_site_2	19	0.7863136084859016	0.23776016987915524	0.10917353625026421
5:28524898	omentum_site_1	19	0.5750084058818817	0.20650026509587735	0.07211040828062104
5:50248591	adnexa_site_1	2	0.011996615218814436	0.010329449709490766	0.011393788044326518
5:50248591	right_ovary_site_1	2	0.5922134515005182	0.06926283649374533	0.23572999884219056
5:50248591	right_ovary_site_2	2	0.8852739214434169	0.1266797296763405	0.18628122573868566
5:50248591	omentum_site_1	2	0.501534730510791	0.09320235962708709	0.1741823679067881
5:56115462	adnexa_site_1	2	0.011704594212689262	0.011798002742329136	0.005639760310186817
5:56115462	right_ovary_site_1	2	0.5822717373725318	0.07125763594750938	0.08623923201627515
5:56115462	right_ovary_site_2	2	0.8799561869219273	0.13476738791871912	0.22247338785910978
5:56115462	omentum_site_1	2	0.5001476983863997	0.09282010282837322	0.14041764246682278
6:14209390	adnexa_site_1	5	0.0019615919463653606	0.0037742097018864723	9.111340581910952e-05
6:14209390	right_ovary_site_1	5	0.6242568941482024	0.07453065482187182	0.08092259577795152
6:14209390	right_ovary_site_2	5	0.003329882887136597	0.006191244203918928	0.00015175082514511172
6:14209390	omentum_site_1	5	0.0023075392678259927	0.003921453819128949	0.00010348395998620214
6:27782888	adnexa_site_1	6	0.902438324822191	0.15119682587553257	0.14864864864864866
6:27782888	right_ovary_site_1	6	0.8892107898465862	0.12891741916225963	0.15105162523900573
6:27782888	right_ovary_site_2	6	0.9391089450211836	0.11370146221942179	0.19513938527519656
6:27782888	omentum_site_1	6	0.6565677927591943	0.23499702746663734	0.09142318567389256
6:95187930	adnexa_site_1	15	0.0018661318838918064	0.0032883947196374465	0.0002831123484169301
6:95187930	right_ovary_site_1	15	0.0025469796889804166	0.00688165500146486	0.00026194010302977384
6:95187930	right_ovary_site_2	15	0.0030871978736842875	0.005404538866280172	0.0004839099927413501
6:95187930	omentum_site_1	15	0.10813521303082735	0.03610316615434473	0.05701403949320854
7:100877669	adnexa_site_1	3	0.8725018175521007	0.08772601220583597	0.16941176470588235
7:100877669	right_ovary_site_1	3	0.0026809513645849594	0.0031639886865856568	0.0
7:100877669	right_ovary_site_2	3	0.00370748356740722	0.010044679755356325	0.0
7:100877669	omentum_site_1	3	0.004908257670839169	0.006430921348788235	0.0055248618784530384
7:109336433	adnexa_site_1	7	0.6583059327225097	0.27586501197674984	0.13885212788186946
7:109336433	right_ovary_site_1	7	0.3884151743026412	0.18040306145149237	0.056776034236804565
7:109336433	right_ovary_site_2	7	0.7160672893264648	0.2586585722891032	0.14516057389064096
7:109336433	omentum_site_1	7	0.4188967584137439	0.16882295183915585	0.05496795501906971
7:1354780	adnexa_site_1	9	0.0014246816250857602	0.00848678724754588	0.0004150238638721727
7:1354780	right_ovary_site_1	9	0.0020500634585135452	0.00578961770047134	0.0018461022069312747
7:1354780	right_ovary_site_2	9	0.4977884979663391	0.050859787630960974	0.18794228471647825
7:1354780	omentum_site_1	9	0.0018877507824322298	0.007695142053323073	0.000318606627017842
7:140673118	adnexa_site_1	0	0.9657531384909033	0.11386497975949428	0.16266030089379893
7:140673118	right_ovary_site_1	0	0.9643752476871399	0.08552180892781626	0.3038063703226185
7:140673118	right_ovary_site_2	0	0.9777179673876307	0.06968801821490499	0.27427826865914734
7:140673118	omentum_site_1	0	0.8973147332318022	0.17398366934723045	0.24713473651866646
7:155816560	adnexa_site_1	3	0.8263945313608506	0.1460110256277894	0.0861188736027515
7:155816560	right_ovary_site_1	3	0.0031895635609016613	0.005573655342941334	0.0003746955598576157
7:155816560	right_ovary_site_2	3	0.00400062987117838	0.0036591467317342043	0.00046666905984133253
7:155816560	omentum_site_1	3	0.005061802181718491	0.004530542213643903	0.00037305312898311936
8:107174932	adnexa_site_1	9	0.0013724387175223778	0.0035229529099391125	0.00044648172401476365
8:107174932	right_ovary_site_1	9	0.002104534778844463	0.01041064075896098	0.0002890243021267372
8:107174932	right_ovary_site_2	9	0.49781327951110743	0.05069387652026695	0.23108872682081302
8:107174932	omentum_site_1	9	0.0018518240852122237	0.003831072217211162	0.0006696962449174839
8:13388443	adnexa_site_1	14	0.2666682352632538	0.07579062498809487	0.0661165997177288
8:13388443	right_ovary_site_1	14	0.687045072232436	0.21576299774573757	0.20742911452558213
8:13388443	right_ovary_site_2	14	0.6716050767150913	0.18130192026304517	0.27346017413737506
8:13388443	omentum_site_1	14	0.6247459527990471	0.17756929229888813	0.19324649045149866
8:1416941	adnexa_site_1	2	0.017003729545022248	0.023853689052113082	0.008547008547008548
8:1416941	right_ovary_site_1	2	0.5994035719394144	0.10241082859307041	0.17945383615084526
8:1416941	right_ovary_site_2	2	0.782087833628528	0.20092907607794125	0.1423785594639866
8:1416941	omentum_site_1	2	0.4776039399961813	0.08788142188424283	0.0871559633027523
8:4870537	adnexa_site_1	3	0.8870074601919461	0.046222076246795515	0.38074163481526185
8:4870537	right_ovary_site_1	3	0.002549808256819788	0.006294734488343633	0.00026299352378447683
8:4870537	right_ovary_site_2	3	0.0036301706328330957	0.009446498420819668	0.00020390685534847682
8:4870537	omentum_site_1	3	0.004810911467403369	0.010005758203435973	0.00016919328641039523
9:25699113	adnexa_site_1	0	0.9188261672418361	0.1790670112664911	0.22394571013087736
9:25699113	right_ovary_site_1	0	0.9406618879836957	0.1362334173073424	0.1878443905664536
9:25699113	right_ovary_site_2	0	0.946512971476697	0.12599996184531928	0.13235503632996154
9:25699113	omentum_site_1	0	0.8532162954911618	0.2098880249867661	0.09673905643678943
A4GALT:22:43083725	adnexa_site_1	15	0.0019570633447158225	0.004751687264483397	7.751337105650724e-05
A4GALT:22:43083725	right_ovary_site_1	15	0.0024316884438686476	0.005212470259807104	0.0005216030600712858
A4GALT:22:43083725	right_ovary_site_2	15	0.00296593498545136	0.007821350031164253	0.0007356998344675372
A4GALT:22:43083725	omentum_site_1	15	0.10336987354502508	0.019091898090060597	0.0008611039352449841
ABCB5:7:20762660	adnexa_site_1	0	0.9768827373738131	0.07772203296137013	0.14415376401494928
ABCB5:7:20762660	right_ovary_site_1	0	0.9704065787818347	0.08087824103561207	0.18216805644644002
ABCB5:7:20762660	right_ovary_site_2	0	0.9838107015627409	0.05415676198479362	0.14366121683194855
ABCB5:7:20762660	omentum_site_1	0	0.8997541963968612	0.1808967278451668	0.1499659168370825
AC007131.2:2:59895736	adnexa_site_1	9	0.0014067368486100867	0.006489787006041038	0.00035332567794364456
AC007131.2:2:59895736	right_ovary_site_1	9	0.0020680326701811055	0.007970971566849052	0.0001541188256145488
AC007131.2:2:59895736	right_ovary_site_2	9	0.49773020179883026	0.05093553476730635	0.12478580788226994
AC007131.2:2:59895736	omentum_site_1	9	0.0018889283665587534	0.0069027993549370245	0.00039690414764834294
AC018717.1:2:199838269	adnexa_site_1	5	0.0021516443541071684	0.009363319294020641	0.0009818773494922291
AC018717.1:2:199838269	right_ovary_site_1	5	0.6224745922873489	0.07881894944115625	0.06784156044144067
AC018717.1:2:199838269	right_ovary_site_2	5	0.0034198151950437356	0.007261595761179785	0.0005611882225298365
AC018717.1:2:199838269	omentum_site_1	5	0.0024427295185141607	0.009049624486227155	0.0008225211600201651
AC104809.3:2:241874423	adnexa_site_1	2	0.012019721423331738	0.022843079705429523	0.0
AC104809.3:2:241874423	right_ovary_site_1	2	0.5969265950874597	0.07153379264216138	0.09900990099009901
AC104809.3:2:241874423	right_ovary_site_2	2	0.8725189433649403	0.13958448845449906	0.14285714285714285
AC104809.3:2:241874423	omentum_site_1	2	0.490255964062547	0.07419225271518207	0.0851063829787234
ANKRD7:7:117868041	adnexa_site_1	0	0.9788798401091341	0.08022329512119353	0.14025500910746813
ANKRD7:7:117868041	right_ovary_site_1	0	0.9726670924590329	0.08376275484553368	0.18994413407821228
ANKRD7:7:117868041	right_ovary_site_2	0	0.9835397712672111	0.059325992521929154	0.1280373831775701
ANKRD7:7:117868041	omentum_site_1	0	0.9219434324467544	0.1597297211745932	0.13095238095238096
AP000619.6:11:102680896	adnexa_site_1	0	0.9202781376843395	0.1525807734270781	0.27011151248625725
AP000619.6:11:102680896	right_ovary_site_1	0	0.9407826513611488	0.12633432851732232	0.25310420891592844
AP000619.6:11:102680896	right_ovary_site_2	0	0.9276283710801184	0.13818442622284333	0.2725150100066711
AP000619.6:11:102680896	omentum_site_1	0	0.8698325120711056	0.1877581749482051	0.11366671117639204
APOC3:11:116707297	adnexa_site_1	9	0.0013822302069365793	0.0048173169047345974	2.7153252959704574e-05
APOC3:11:116707297	right_ovary_site_1	9	0.002054096514453853	0.008203038970617508	0.0
APOC3:11:116707297	right_ovary_site_2	9	0.49757945783369534	0.051280652502265926	0.08075642245480495
APOC3:11:116707297	omentum_site_1	9	0.0018717391157075842	0.003832538408185356	0.0
ASTN1:1:177087794	adnexa_site_1	1	0.8925367697127964	0.1375458295506637	0.17422470962548395
ASTN1:1:177087794	right_ovary_site_1	1	0.7897986942840031	0.16089190981056573	0.10988586479367866
ASTN1:1:177087794	right_ovary_site_2	1	0.9294724133631603	0.10738622168182678	0.1631361637195943
ASTN1:1:177087794	omentum_site_1	1	0.5066883434875603	0.16324768840715118	0.05876048634465427
ATP9B:18:77021890	adnexa_site_1	4	0.9327957386098614	0.06211947037243336	0.2913461250636094
ATP9B:18:77021890	right_ovary_site_1	4	0.003660980674780308	0.010367631487085699	0.0003947420360794221
ATP9B:18:77021890	right_ovary_site_2	4	0.004224187091536318	0.003710327417429201	0.0008286033889878609
ATP9B:18:77021890	omentum_site_1	4	0.5416112253266753	0.05763675838410675	0.07847621340234105
BCDIN3D:12:50232705	adnexa_site_1	0	0.9793947073353624	0.08398653215282016	0.2623885918003565
BCDIN3D:12:50232705	right_ovary_site_1	0	0.9823349443207963	0.05470243550261735	0.20689655172413793
BCDIN3D:12:50232705	right_ovary_site_2	0	0.984479204410497	0.06161458943331263	0.22181697612732096
BCDIN3D:12:50232705	omentum_site_1	0	0.9354503324764224	0.13822552507856617	0.17579340385812073
BRPF3:6:36178197	adnexa_site_1	0	0.9856025593183539	0.06122131703166771	0.19285120532003325
BRPF3:6:36178197	right_ovary_site_1	0	0.9835643425044589	0.05112702918487748	0.1868312757201646
BRPF3:6:36178197	right_ovary_site_2	0	0.9866880341151516	0.05106628007292069	0.2103235747303544
BRPF3:6:36178197	omentum_site_1	0	0.9436960140032672	0.1251439399080131	0.1372972972972973
C10ORF68:10:33137574	adnexa_site_1	0	0.9848250834861576	0.06683462915889361	0.1624799572421165
C10ORF68:10:33137574	right_ovary_site_1	0	0.9829137207008575	0.05577678718484395	0.1643552670404249
C10ORF68:10:33137574	right_ovary_site_2	0	0.9886908956128303	0.04219818775746216	0.1533727227966519
C10ORF68:10:33137574	omentum_site_1	0	0.9441037582607612	0.12314455995190378	0.16947984843265587
C10orf11:10:77768951	adnexa_site_1	8	0.0070076480552212	0.010469260474532121	8.027292795504716e-05
C10orf11:10:77768951	right_ovary_site_1	8	0.19993666739475646	0.043090438626815025	0.02974048115173328
C10orf11:10:77768951	right_ovary_site_2	8	0.00618420769831857	0.007410216530553019	0.000126031886067175
C10orf11:10:77768951	omentum_site_1	8	0.4352582273170088	0.07417821949063778	0.08514102936900261
C10orf126:10:29157275	adnexa_site_1	0	0.9207769311840595	0.1584378925558547	0.11415426016754199
C10orf126:10:29157275	right_ovary_site_1	0	0.9346637345107847	0.12866944287777377	0.13821176918682157
C10orf126:10:29157275	right_ovary_site_2	0	0.9424106051977523	0.1251789720386421	0.11379350080663747
C10orf126:10:29157275	omentum_site_1	0	0.8290039009014674	0.21905279012983891	0.11988918609094383
C1orf173:1:75114928	adnexa_site_1	0	0.9506738146295176	0.11691109486682291	0.2709376042709376
C1orf173:1:75114928	right_ovary_site_1	0	0.9501134771188837	0.10764229254828167	0.23349856509261674
C1orf173:1:75114928	right_ovary_site_2	0	0.9650184468626927	0.09508371873806734	0.21452866861030126
C1orf173:1:75114928	omentum_site_1	0	0.8414528730775073	0.2134182565361905	0.09939607448414696
CALML3:10:5564125	adnexa_site_1	1	0.8065214298357649	0.2240423109698318	0.1688920328941551
CALML3:10:5564125	right_ovary_site_1	1	0.6946605202914184	0.2159489558194362	0.09467971702684369
CALML3:10:5564125	right_ovary_site_2	1	0.8505302374352086	0.2066642641446607	0.15038759689922482
CALML3:10:5564125	omentum_site_1	1	0.37683647904317374	0.13438463132302955	0.03134001613089066
CARD6:5:40854479	adnexa_site_1	0	0.9814981810219815	0.07344562921814532	0.14832700931355638
CARD6:5:40854479	right_ovary_site_1	0	0.9765556624873257	0.07355964150176397	0.1422680412371134
CARD6:5:40854479	right_ovary_site_2	0	0.9848635628116864	0.060492348864356296	0.15876598946576373
CARD6:5:40854479	omentum_site_1	0	0.9270896549306917	0.1552699051514373	0.1236885698509111
CC2D2A:4:15589487	adnexa_site_1	0	0.9939155799592693	0.013049488880424976	0.30683836589698044
CC2D2A:4:15589487	right_ovary_site_1	0	0.9911067867845818	0.015306372953279065	0.3047375160051216
CC2D2A:4:15589487	right_ovary_site_2	0	0.9934192056045688	0.011709095479512745	0.27536793183578623
CC2D2A:4:15589487	omentum_site_1	0	0.9583589501368386	0.09406955381381836	0.1882261812548412
CCDC141:2:179785060	adnexa_site_1	11	0.12949173053352914	0.0544177438540444	0.06512820512820512
CCDC141:2:179785060	right_ovary_site_1	11	0.24879196144468882	0.06749644442546104	0.06317757009345794
CCDC141:2:179785060	right_ovary_site_2	11	0.05583243576424682	0.02279957322432143	0.008960573476702509
CCDC141:2:179785060	omentum_site_1	11	0.3315194589867271	0.1087420728710001	0.04140526976160602
CCDC80:3:112335663	adnexa_site_1	15	0.0019162566584318657	0.0031497393229983446	0.0009821804405780834
CCDC80:3:112335663	right_ovary_site_1	15	0.002457470039237787	0.004867530838612545	0.0002886419396738346
CCDC80:3:112335663	right_ovary_site_2	15	0.0030507580774067895	0.009117461991150374	0.0010122738200683285
CCDC80:3:112335663	omentum_site_1	15	0.10705319387811628	0.03296565003487477	0.04877295878993672
CDH4:20:59952813	adnexa_site_1	9	0.0014349464176574929	0.009885813690027915	2.302873986735446e-05
CDH4:20:59952813	right_ovary_site_1	9	0.0020493219540486944	0.007799158705322193	5.101260011222772e-05
CDH4:20:59952813	right_ovary_site_2	9	0.49760709557914945	0.05133883337450455	0.10131074168797954
CDH4:20:59952813	omentum_site_1	9	0.0018913815282725738	0.0056241033664884595	5.0784622416332335e-05
CDH4:20:60427826	adnexa_site_1	0	0.9740868001670456	0.09383399104425091	0.17746643315820199
CDH4:20:60427826	right_ovary_site_1	0	0.9705163989659512	0.08302204773254743	0.16063440422936154
CDH4:20:60427826	right_ovary_site_2	0	0.9825714121366594	0.06217962935042599	0.15761285386381024
CDH4:20:60427826	omentum_site_1	0	0.9037780943228269	0.17660648396417855	0.15190415062045357
COPS2:15:49415652	adnexa_site_1	5	0.0023167794471754197	0.007675969291045393	0.0
COPS2:15:49415652	right_ovary_site_1	5	0.632688306851563	0.06906956722314829	0.2738997473740194
COPS2:15:49415652	right_ovary_site_2	5	0.0034976486837339565	0.007216294252330916	0.0
COPS2:15:49415652	omentum_site_1	5	0.0023560606247779096	0.0022163256688626566	0.0
CPSF3:2:9564844	adnexa_site_1	22	0.8475914223717184	0.18223072224255138	0.17676576916851022
CPSF3:2:9564844	right_ovary_site_1	22	0.787044224675908	0.1875522282486083	0.10891859052247874
CPSF3:2:9564844	right_ovary_site_2	22	0.8757634754431965	0.16146927200937725	0.12470135386249004
CPSF3:2:9564844	omentum_site_1	22	0.6119489298726472	0.22039060548469852	0.09434678819444445
CSMD1:8:3602840	adnexa_site_1	14	0.33861581016886916	0.09331454446432735	0.11158021712907117
CSMD1:8:3602840	right_ovary_site_1	14	0.7177508301222029	0.21050574709458278	0.27015069358970095
CSMD1:8:3602840	right_ovary_site_2	14	0.6679963497552892	0.17358645967649536	0.283841415258253
CSMD1:8:3602840	omentum_site_1	14	0.6135749814975281	0.16976465378603495	0.19596284999485933
CTD-2196P11.2:5:38686543	adnexa_site_1	15	0.001968670915544625	0.0069560735070460615	0.0005987244565924768
CTD-2196P11.2:5:38686543	right_ovary_site_1	15	0.0024293795322743376	0.002440792548357698	0.00037425149700598805
CTD-2196P11.2:5:38686543	right_ovary_site_2	15	0.00298440103405894	0.0032364018089373896	0.00035337076445875377
CTD-2196P11.2:5:38686543	omentum_site_1	15	0.1072276546313148	0.032741737356657905	0.06109283272046965
CTD-2288O8.1:5:52077065	adnexa_site_1	2	0.014269561818141051	0.0196835598605285	0.015084819934615286
CTD-2288O8.1:5:52077065	right_ovary_site_1	2	0.5937180228070441	0.07744527691960927	0.23059945892068917
CTD-2288O8.1:5:52077065	right_ovary_site_2	2	0.8799982755274294	0.13146585217235138	0.1723121643990472
CTD-2288O8.1:5:52077065	omentum_site_1	2	0.508264097711841	0.1070328922488471	0.1492187731625604
CXorf57:X:105905388	adnexa_site_1	0	0.9402822148130788	0.14716085640413273	0.29668411867364747
CXorf57:X:105905388	right_ovary_site_1	0	0.9446229672776851	0.11982705329391077	0.2848575712143928
CXorf57:X:105905388	right_ovary_site_2	0	0.9580783520526504	0.10853469623165676	0.3100971694127588
CXorf57:X:105905388	omentum_site_1	0	0.8538445402672962	0.21021671899541142	0.23700305810397554
DMPK:19:46281423	adnexa_site_1	11	0.12073158190858246	0.04726596392047369	0.05263157894736842
DMPK:19:46281423	right_ovary_site_1	11	0.24507781782612223	0.06087809971190994	0.05
DMPK:19:46281423	right_ovary_site_2	11	0.056681570437123456	0.023729796770685437	0.016494845360824743
DMPK:19:46281423	omentum_site_1	11	0.36388449697102004	0.07750627836470561	0.11063829787234042
DNER:2:230332110	adnexa_site_1	2	0.010305896098347457	0.009070577558320136	0.003137978772496539
DNER:2:230332110	right_ovary_site_1	2	0.5952545403239529	0.06336255919047974	0.1031833910034602
DNER:2:230332110	right_ovary_site_2	2	0.8824969291637954	0.1295421858428802	0.16459197786998617
DNER:2:230332110	omentum_site_1	2	0.48556270533552726	0.05821266396344164	0.07125748502994012
DOCK10:2:225673079	adnexa_site_1	2	0.009459247359234287	0.010421889129013944	0.00012684989429175475
DOCK10:2:225673079	right_ovary_site_1	2	0.6060121207927042	0.07616989322165325	0.1454896960223767
DOCK10:2:225673079	right_ovary_site_2	2	0.8744570139417891	0.13723105106025976	0.14629619520716197
DOCK10:2:225673079	omentum_site_1	2	0.49083088838484384	0.06444786189486877	0.11172161172161173
DPP10:2:115891457	adnexa_site_1	6	0.9220222994674255	0.13376000962137252	0.14292768959435626
DPP10:2:115891457	right_ovary_site_1	6	0.9043044617157652	0.12872507504376993	0.14429135017370312
DPP10:2:115891457	right_ovary_site_2	6	0.9506112396046003	0.1048843168896339	0.18992698843445113
DPP10:2:115891457	omentum_site_1	6	0.714343240603529	0.24869318735234608	0.07466950627223852
DPYSL5:2:27156176	adnexa_site_1	0	0.9694011579234768	0.08788914975258447	0.24324324324324326
DPYSL5:2:27156176	right_ovary_site_1	0	0.9485374758699648	0.10556012721569527	0.24548259144997797
DPYSL5:2:27156176	right_ovary_site_2	0	0.9761141113056281	0.07296754418374941	0.1788053949903661
DPYSL5:2:27156176	omentum_site_1	0	0.8794883602716443	0.18413260917548796	0.21869851729818782
DROSHA:5:31526884	adnexa_site_1	0	0.9791696520475985	0.08839086073762949	0.1771682727946627
DROSHA:5:31526884	right_ovary_site_1	0	0.9759075819778851	0.08240602172041157	0.16237942122186494
DROSHA:5:31526884	right_ovary_site_2	0	0.9846501506517685	0.062254417031365486	0.15473441108545036
DROSHA:5:31526884	omentum_site_1	0	0.9340998919889076	0.1445883284225258	0.11609110947832477
DUSP12:1:161714913	adnexa_site_1	3	0.874545544462044	0.07936364839657463	0.14013545890158496
DUSP12:1:161714913	right_ovary_site_1	3	0.002613609506960565	0.006706786856982776	0.00013572204125950055
DUSP12:1:161714913	right_ovary_site_2	3	0.0036482489308424055	0.004940764635123175	0.00020273694880892042
DUSP12:1:161714913	omentum_site_1	3	0.004562236587666559	0.0032364966345806174	0.0
DZIP1:13:96272140	adnexa_site_1	0	0.9758171658505355	0.08319530882302482	0.14460370994940977
DZIP1:13:96272140	right_ovary_site_1	0	0.9708704879214051	0.08018157595078365	0.13947481704692208
DZIP1:13:96272140	right_ovary_site_2	0	0.9818503841146887	0.06151803737927572	0.12667224080267558
DZIP1:13:96272140	omentum_site_1	0	0.9113576041810427	0.17204290496932248	0.09190371991247265
ENOX2:X:129800830	adnexa_site_1	8	0.03954364439591208	0.04550372596479099	0.00698856416772554
ENOX2:X:129800830	right_ovary_site_1	8	0.2204001424025801	0.05453200980985434	0.06358949177510434
ENOX2:X:129800830	right_ovary_site_2	8	0.02196604866004879	0.02474549398478148	0.004461440407903123
ENOX2:X:129800830	omentum_site_1	8	0.3938896627714907	0.09331040735570151	0.04513163393230255
EPHA3:3:89448629	adnexa_site_1	17	0.8354164970653667	0.1723697586232855	0.30890269151138716
EPHA3:3:89448629	right_ovary_site_1	17	0.87171935321139	0.16409221439108782	0.2700218818380744
EPHA3:3:89448629	right_ovary_site_2	17	0.8516459278086639	0.16881016052414957	0.2806262230919765
EPHA3:3:89448629	omentum_site_1	17	0.7811374864641775	0.1982814663521524	0.20117907148120856
EPHA8:1:22896349	adnexa_site_1	4	0.9328328108290228	0.06220106428585881	0.1791237113402062
EPHA8:1:22896349	right_ovary_site_1	4	0.0036555226310070396	0.009984466341949912	0.00031529164477141355
EPHA8:1:22896349	right_ovary_site_2	4	0.00427992879357773	0.009060134693583273	0.00024912805181863477
EPHA8:1:22896349	omentum_site_1	4	0.5416165546896489	0.05791755516859241	0.13184311290489495
EYA1:8:72211338	adnexa_site_1	0	0.9889176523214681	0.045927948932874225	0.21132713440405748
EYA1:8:72211338	right_ovary_site_1	0	0.9854456673967288	0.04590395482137691	0.23320537428023033
EYA1:8:72211338	right_ovary_site_2	0	0.9910818433168648	0.026656634510037736	0.19875
EYA1:8:72211338	omentum_site_1	0	0.948983431086679	0.11590750854780076	0.14742810854597002
F9:X:138643898	adnexa_site_1	0	0.9861142513214199	0.05733532228393359	0.18407960199004975
F9:X:138643898	right_ovary_site_1	0	0.9815933709235666	0.058410564833159345	0.17699115044247787
F9:X:138643898	right_ovary_site_2	0	0.9890192447197139	0.039393581320605144	0.18003341687552213
F9:X:138643898	omentum_site_1	0	0.9386700588674496	0.135472426024338	0.11881606765327696
FAM160A1:4:152528695	adnexa_site_1	3	0.8869394756989907	0.04633799722947681	0.28599050799789066
FAM160A1:4:152528695	right_ovary_site_1	3	0.0025895491632488207	0.010125675448489838	8.903133903133904e-05
FAM160A1:4:152528695	right_ovary_site_2	3	0.0035479966908345487	0.0017206880723109417	0.0004434589800443459
FAM160A1:4:152528695	omentum_site_1	3	0.004756815074490889	0.0051908228885688655	0.0002682403433476395
FAM3B:21:42691384	adnexa_site_1	1	0.9234632499505582	0.07177277103866896	0.2570869990224829
FAM3B:21:42691384	right_ovary_site_1	1	0.8070599045235285	0.14044449647971646	0.16171328671328672
FAM3B:21:42691384	right_ovary_site_2	1	0.9389956429077034	0.08751607976092536	0.19215938303341903
FAM3B:21:42691384	omentum_site_1	1	0.5392905808683955	0.18798425046885972	0.09754385964912281
FAR2:12:29332715	adnexa_site_1	5	0.0020299110774967214	0.009731199947380318	5.151718097985678e-05
FAR2:12:29332715	right_ovary_site_1	5	0.6241070429060087	0.07513950366840204	0.0511644529155995
FAR2:12:29332715	right_ovary_site_2	5	0.0033091846201799085	0.005349211126596927	0.00037916129521498444
FAR2:12:29332715	omentum_site_1	5	0.0023307681319544877	0.004778323979249119	2.9241476109714018e-05
FBLN7:2:112944891	adnexa_site_1	9	0.0013882645796068915	0.005057737662953923	0.0
FBLN7:2:112944891	right_ovary_site_1	9	0.0020362684816772852	0.005052334166804645	0.002257336343115124
FBLN7:2:112944891	right_ovary_site_2	9	0.4978458666460832	0.050727105554370336	0.17532165555727794
FBLN7:2:112944891	omentum_site_1	9	0.0018350552636199119	0.0026618745425754323	0.0
FBXW7:4:153308332	adnexa_site_1	0	0.993897471750928	0.018512301651257283	0.21717253692582372
FBXW7:4:153308332	right_ovary_site_1	0	0.9926278624302742	0.010161665351789289	0.33548451648406624
FBXW7:4:153308332	right_ovary_site_2	0	0.9936726289245263	0.010402911347977106	0.2386581667388748
FBXW7:4:153308332	omentum_site_1	0	0.974566480805271	0.043743430340531075	0.16926518438177873
FGF13:X:137922735	adnexa_site_1	9	0.0013871501857634168	0.0049431109746211005	0.0
FGF13:X:137922735	right_ovary_site_1	9	0.001990229445334933	0.004380639660507664	0.0
FGF13:X:137922735	right_ovary_site_2	9	0.49749883400966954	0.051529970567816066	0.1578034246058686
FGF13:X:137922735	omentum_site_1	9	0.0019067196987241435	0.0063164042214340285	0.0
FHIT:3:60707718	adnexa_site_1	0	0.995033454592132	0.005927918713811589	0.3354235829337268
FHIT:3:60707718	right_ovary_site_1	0	0.9929317157277868	0.011335069141904176	0.30512772351615325
FHIT:3:60707718	right_ovary_site_2	0	0.9939983641996434	0.010841811550598417	0.36409102275568894
FHIT:3:60707718	omentum_site_1	0	0.9778349942055433	0.023341750245807247	0.18322442992398988
FMN2:1:240445904	adnexa_site_1	3	0.8765032795793668	0.07727657823677585	0.19312150337110887
FMN2:1:240445904	right_ovary_site_1	3	0.0025824146852242483	0.0023602975314651552	0.00016734301133748903
FMN2:1:240445904	right_ovary_site_2	3	0.003636910429464093	0.00481655684868116	0.00015473488755931504
FMN2:1:240445904	omentum_site_1	3	0.004752118402020674	0.004613895563496212	0.00024909081851242964
FRAS1:4:79130897	adnexa_site_1	0	0.9949595429617106	0.008932361759032531	0.3096847558279108
FRAS1:4:79130897	right_ovary_site_1	0	0.9930087212606461	0.007268871516027532	0.24153040504435183
FRAS1:4:79130897	right_ovary_site_2	0	0.9940154743409463	0.00801835109146767	0.2882819133880555
FRAS1:4:79130897	omentum_site_1	0	0.978064809038454	0.02161289776675781	0.21129239726491097
FRMD3:9:85971057	adnexa_site_1	0	0.9920345096593559	0.03081160085383385	0.2158273381294964
FRMD3:9:85971057	right_ovary_site_1	0	0.9918967578152745	0.014024706919660491	0.25333916168828013
FRMD3:9:85971057	right_ovary_site_2	0	0.9917288190506457	0.025959819671209052	0.19947188909671032
FRMD3:9:85971057	omentum_site_1	0	0.9742201082096801	0.042461569169166664	0.18168670342583387
FYB:5:39234413	adnexa_site_1	3	0.8708311133404728	0.08898210705353367	0.2661498708010336
FYB:5:39234413	right_ovary_site_1	3	0.002636235669578942	0.004659505064437396	0.0
FYB:5:39234413	right_ovary_site_2	3	0.0036224309114335027	0.0030060200499364767	0.0
FYB:5:39234413	omentum_site_1	3	0.004691124049793582	0.006896857141605657	0.0
GABRB3:15:26990805	adnexa_site_1	15	0.00184571869701763	0.003382563513148484	0.0
GABRB3:15:26990805	right_ovary_site_1	15	0.00263777390129735	0.009652134625036982	0.0
GABRB3:15:26990805	right_ovary_site_2	15	0.0030871188415405614	0.004075843060068471	0.0
GABRB3:15:26990805	omentum_site_1	15	0.10871910413291609	0.03909541939039186	0.08121827411167512
GABRQ:X:151817817	adnexa_site_1	4	0.9328446468793141	0.06207916327880262	0.21549173714251563
GABRQ:X:151817817	right_ovary_site_1	4	0.0036273393779825626	0.007296128306832638	0.0005701636705124765
GABRQ:X:151817817	right_ovary_site_2	4	0.004258962927852157	0.007109076224500148	0.0007169029791301578
GABRQ:X:151817817	omentum_site_1	4	0.5416329337745903	0.05767382858489516	0.10418592788599483
GDAP1L1:20:42907673	adnexa_site_1	0	0.9738982332554322	0.10296231371874279	0.18592640413169786
GDAP1L1:20:42907673	right_ovary_site_1	0	0.9759664278092448	0.08134417743236151	0.1602787456445993
GDAP1L1:20:42907673	right_ovary_site_2	0	0.9792461750340579	0.07911557738824676	0.17749419953596288
GDAP1L1:20:42907673	omentum_site_1	0	0.9367729660763784	0.13773286561592937	0.1145311381531854
GLRA4:X:102977158	adnexa_site_1	0	0.9677778138241312	0.10785019048663293	0.15987622485817432
GLRA4:X:102977158	right_ovary_site_1	0	0.9621453529280405	0.09796880103550758	0.1403186274509804
GLRA4:X:102977158	right_ovary_site_2	0	0.9778721489118055	0.07323422268010532	0.12747138397502603
GLRA4:X:102977158	omentum_site_1	0	0.8858918063218753	0.1976010872442825	0.14520048602673147
GPATCH2L:14:76677346	adnexa_site_1	15	0.0019166972849485044	0.0034868822101779416	0.0
GPATCH2L:14:76677346	right_ovary_site_1	15	0.002503855139000523	0.009909861979558952	8.928970043305504e-05
GPATCH2L:14:76677346	right_ovary_site_2	15	0.002978977716145616	0.007624184983919965	0.0
GPATCH2L:14:76677346	omentum_site_1	15	0.10452873043064827	0.023571366764921258	0.029634146341463413
GPD2:2:157304468	adnexa_site_1	2	0.009448765610853928	0.004454579390856756	0.000300187617260788
GPD2:2:157304468	right_ovary_site_1	2	0.6055521965813633	0.0750010088343044	0.15480568173624631
GPD2:2:157304468	right_ovary_site_2	2	0.8756510510576975	0.13670503447502702	0.1724330097989133
GPD2:2:157304468	omentum_site_1	2	0.487421416155443	0.05956667222851504	0.0782355866712575
GPR158:10:25885601	adnexa_site_1	0	0.967393703403131	0.09734965349280111	0.14065040650406505
GPR158:10:25885601	right_ovary_site_1	0	0.959460341133459	0.09529610133756795	0.14779602420051857
GPR158:10:25885601	right_ovary_site_2	0	0.9770239678759699	0.07312576208315098	0.16027280477408354
GPR158:10:25885601	omentum_site_1	0	0.8692563498739692	0.20431526802512706	0.08535402521823472
GPR19:12:12814795	adnexa_site_1	0	0.8161667410050291	0.34112581769597045	0.07753137356025443
GPR19:12:12814795	right_ovary_site_1	0	0.8298334443993628	0.29887507905631466	0.09988408037094282
GPR19:12:12814795	right_ovary_site_2	0	0.8192445719244111	0.35121708257305095	0.07733211789729566
GPR19:12:12814795	omentum_site_1	0	0.7938865999468891	0.29606529414214894	0.07381270265115392
GPRASP2:X:101970948	adnexa_site_1	3	0.8787887365833238	0.07082683660961168	0.13088330109606705
GPRASP2:X:101970948	right_ovary_site_1	3	0.002588885032645921	0.006611722312714632	0.0
GPRASP2:X:101970948	right_ovary_site_2	3	0.003674919638539285	0.009794705189386828	0.002512562814070352
GPRASP2:X:101970948	omentum_site_1	3	0.004645422976150066	0.004324174462303231	0.0
GRAMD1B:11:123464803	adnexa_site_1	0	0.9894370911457049	0.04018780863920099	0.21755888650963598
GRAMD1B:11:123464803	right_ovary_site_1	0	0.9851668466401634	0.04510460436572869	0.23234852278417625
GRAMD1B:11:123464803	right_ovary_site_2	0	0.9904848934223334	0.02885291943029289	0.1811284969179706
GRAMD1B:11:123464803	omentum_site_1	0	0.9484308634362933	0.11766611099583048	0.14155449413808077
HMCN1:1:186097418	adnexa_site_1	5	0.0020350951810424087	0.007924899193250262	0.0
HMCN1:1:186097418	right_ovary_site_1	5	0.6243607635691601	0.07427323321168919	0.10603588907014681
HMCN1:1:186097418	right_ovary_site_2	5	0.003324408356723224	0.005235610903665766	0.002886002886002886
HMCN1:1:186097418	omentum_site_1	5	0.002333287574404026	0.006234250662577059	0.0
HMCN2:9:133067018	adnexa_site_1	0	0.9950480564714779	0.005195177670461336	0.44742063492063494
HMCN2:9:133067018	right_ovary_site_1	0	0.993043567800672	0.007493046288904456	0.39932030586236195
HMCN2:9:133067018	right_ovary_site_2	0	0.99401611706684	0.008083703574356636	0.3514792899408284
HMCN2:9:133067018	omentum_site_1	0	0.9782857887840739	0.019531504656414688	0.2608326253186066
IBTK:6:82883109	adnexa_site_1	0	0.9699682446038003	0.09391684082862789	0.2360391479562464
IBTK:6:82883109	right_ovary_site_1	0	0.9752931745971322	0.07043370888559235	0.167531504818384
IBTK:6:82883109	right_ovary_site_2	0	0.975754384061995	0.08149591828057064	0.1997683844817603
IBTK:6:82883109	omentum_site_1	0	0.9189729147969028	0.15828998598215224	0.09979494190020506
IDO2:8:39821211	adnexa_site_1	3	0.8779413073929958	0.07264882671954981	0.12423312883435583
IDO2:8:39821211	right_ovary_site_1	3	0.002562289117930995	0.0025568556025012045	0.0
IDO2:8:39821211	right_ovary_site_2	3	0.0036159580359888415	0.004826612653133109	0.0
IDO2:8:39821211	omentum_site_1	3	0.004662754446155882	0.003364363834353443	0.0
KCNA3:1:111216091	adnexa_site_1	1	0.8545282448847754	0.16156427897106673	0.17073170731707318
KCNA3:1:111216091	right_ovary_site_1	1	0.8039552289623401	0.15279265322035918	0.15196078431372548
KCNA3:1:111216091	right_ovary_site_2	1	0.9003998865751932	0.12988924620119893	0.16155088852988692
KCNA3:1:111216091	omentum_site_1	1	0.5107906298111701	0.1466348548515427	0.0791599353796446
KDM4B:19:5119838	adnexa_site_1	12	0.31001664991590083	0.4139993525666371	0.0
KDM4B:19:5119838	right_ovary_site_1	12	0.1258056329330685	0.23341745016343646	0.0
KDM4B:19:5119838	right_ovary_site_2	12	0.09086493520380581	0.21868729918426158	0.0
KDM4B:19:5119838	omentum_site_1	12	0.16561639670303463	0.21726790307667518	
KIF2C:1:45232505	adnexa_site_1	0	0.9876755897821253	0.0433849363803295	0.2169811320754717
KIF2C:1:45232505	right_ovary_site_1	0	0.9824430100218433	0.0491095830321759	0.2041210560206053
KIF2C:1:45232505	right_ovary_site_2	0	0.9904361343829907	0.026935999896968765	0.21164282190429207
KIF2C:1:45232505	omentum_site_1	0	0.9326521067938022	0.13912169975587835	0.18539161044294514
KIF3A:5:132052619	adnexa_site_1	0	0.9902585764808475	0.03472033104751776	0.2286676646706587
KIF3A:5:132052619	right_ovary_site_1	0	0.9855061495430592	0.04291295141261526	0.2248270561106841
KIF3A:5:132052619	right_ovary_site_2	0	0.9910244895410341	0.02393264850514554	0.17810630059838084
KIF3A:5:132052619	omentum_site_1	0	0.9479087902293906	0.11880348186945212	0.14687148744848258
KIRREL3:11:126389423	adnexa_site_1	15	0.0018695641121189979	0.003142199473423954	0.0
KIRREL3:11:126389423	right_ovary_site_1	15	0.0025174730383412803	0.00477686416613919	0.0
KIRREL3:11:126389423	right_ovary_site_2	15	0.0030590875256013782	0.00400897438588549	7.13165026387106e-05
KIRREL3:11:126389423	omentum_site_1	15	0.10818966702168388	0.036934461748771595	0.07568912814131523
KSR1:17:25904583	adnexa_site_1	0	0.827268162906726	0.22235415237794137	0.3011844331641286
KSR1:17:25904583	right_ovary_site_1	0	0.8876182223107124	0.1821404971203792	0.2424969987995198
KSR1:17:25904583	right_ovary_site_2	0	0.8640220484669772	0.18772598911866112	0.2633426966292135
KSR1:17:25904583	omentum_site_1	0	0.7735922827689959	0.22614277106215344	0.2154308617234469
LINC01019:5:3526036	adnexa_site_1	0	0.9046618951155982	0.19323277614461828	0.23287632428757576
LINC01019:5:3526036	right_ovary_site_1	0	0.9341746850849071	0.1394614407859569	0.13230528986921725
LINC01019:5:3526036	right_ovary_site_2	0	0.9317862051817785	0.15580502223835904	0.1775929978118162
LINC01019:5:3526036	omentum_site_1	0	0.837187077276884	0.22924664827699046	0.13619119878603944
LINC01122:2:58899848	adnexa_site_1	2	0.009675472186190448	0.006596621566834933	0.00037259559405710026
LINC01122:2:58899848	right_ovary_site_1	2	0.5990460946034689	0.06479085201177501	0.10642422972123244
LINC01122:2:58899848	right_ovary_site_2	2	0.871851863649312	0.13907194609017304	0.19486486486486487
LINC01122:2:58899848	omentum_site_1	2	0.485247288998775	0.05822706250035347	0.0641304347826087
LINC01122:2:59255923	adnexa_site_1	2	0.00970782626211824	0.007550320600330681	0.0002001868410516482
LINC01122:2:59255923	right_ovary_site_1	2	0.5991760579931473	0.07593522784134178	0.10211953408439947
LINC01122:2:59255923	right_ovary_site_2	2	0.83459181136188	0.16884120054637808	0.09063823844327545
LINC01122:2:59255923	omentum_site_1	2	0.4837216588937164	0.06812368864688757	0.07087397207879136
LMO7:13:76289310	adnexa_site_1	0	0.970654607733392	0.0864999698850557	0.31532781200277427
LMO7:13:76289310	right_ovary_site_1	0	0.968242906920755	0.08629507739451571	0.13765516251704096
LMO7:13:76289310	right_ovary_site_2	0	0.9736948274032051	0.08267372368701972	0.1099895057718255
LMO7:13:76289310	omentum_site_1	0	0.9054982159637418	0.17673550628194126	0.09745925011703621
LRP1:12:57588220	adnexa_site_1	9	0.0013621616708199536	0.0029342167611652783	8.961108787860685e-05
LRP1:12:57588220	right_ovary_site_1	9	0.0020969474017640865	0.009441163140069847	7.619337879538268e-05
LRP1:12:57588220	right_ovary_site_2	9	0.49782506122027215	0.050700299091091916	0.2924733049743901
LRP1:12:57588220	omentum_site_1	9	0.0018648812268985213	0.005456205709796473	0.0
LRP1B:2:142449978	adnexa_site_1	2	0.009597341806457053	0.007761733922397181	0.00017671858827093484
LRP1B:2:142449978	right_ovary_site_1	2	0.6004764575041368	0.06621725715577848	0.11239016415775492
LRP1B:2:142449978	right_ovary_site_2	2	0.8707403307478718	0.1377913542267631	0.13418566713456503
LRP1B:2:142449978	omentum_site_1	2	0.48443400411892074	0.05787312821050348	0.06877934932373535
LRP1B:2:142890751	adnexa_site_1	3	0.8816955537717144	0.06373353386537105	0.20201766713511343
LRP1B:2:142890751	right_ovary_site_1	3	0.0025855733298019126	0.006979780976790234	5.453752181500873e-05
LRP1B:2:142890751	right_ovary_site_2	3	0.0036004126297863336	0.0043705668120658575	0.0002384642899725766
LRP1B:2:142890751	omentum_site_1	3	0.004726788911677293	0.004062579448683987	0.0005042581801882564
LRRTM4:2:77676326	adnexa_site_1	2	0.009362314210213	0.008249656564699398	0.0
LRRTM4:2:77676326	right_ovary_site_1	2	0.6061148844523547	0.07870862753564199	0.1618143459915612
LRRTM4:2:77676326	right_ovary_site_2	2	0.8679890685293067	0.14389984663907052	0.19883527454242927
LRRTM4:2:77676326	omentum_site_1	2	0.4887572748423515	0.06439218903712138	0.0887035633055345
LUZP2:11:24819114	adnexa_site_1	0	0.9788540235802607	0.07595170926980423	0.14227695532556006
LUZP2:11:24819114	right_ovary_site_1	0	0.975570474810783	0.07606414285002265	0.18302208222172223
LUZP2:11:24819114	right_ovary_site_2	0	0.9844520172334411	0.0558586971751206	0.1618798955613577
LUZP2:11:24819114	omentum_site_1	0	0.9257521579649695	0.15570247992478473	0.1336657551873894
MATN2:8:98981476	adnexa_site_1	9	0.0014334006647165655	0.0090428897543653	0.00014205218050097068
MATN2:8:98981476	right_ovary_site_1	9	0.0020692600386181263	0.008073251697176738	5.712000913920146e-05
MATN2:8:98981476	right_ovary_site_2	9	0.4977224690259666	0.05094370023279655	0.12647522877879458
MATN2:8:98981476	omentum_site_1	9	0.0019061089157630879	0.008585823593416956	0.00013614333169961336
MBD3L1:19:8953777	adnexa_site_1	0	0.9886372994273191	0.042782465746330094	0.22413793103448276
MBD3L1:19:8953777	right_ovary_site_1	0	0.9846954547467321	0.040925897896057856	0.19204389574759945
MBD3L1:19:8953777	right_ovary_site_2	0	0.98957767062093	0.03783530866752063	0.23391812865497075
MBD3L1:19:8953777	omentum_site_1	0	0.9441295045566008	0.12429951987437166	0.1568862275449102
MDC1:6:30681875	adnexa_site_1	1	0.8815914608721281	0.14632164023499092	0.15694444444444444
MDC1:6:30681875	right_ovary_site_1	1	0.7927052967234239	0.15765942026877433	0.11256117455138662
MDC1:6:30681875	right_ovary_site_2	1	0.926535597643734	0.10831773149845822	0.17144563918757466
MDC1:6:30681875	omentum_site_1	1	0.5094111967223169	0.1503420869639728	0.08150684931506849
MED12:X:70346963	adnexa_site_1	11	0.09889560299372752	0.05887026897377797	0.034688561347973754
MED12:X:70346963	right_ovary_site_1	11	0.23495728781220604	0.06303526179516189	0.039357510859682796
MED12:X:70346963	right_ovary_site_2	11	0.04346668213701409	0.026488231027549682	0.0029960877531817957
MED12:X:70346963	omentum_site_1	11	0.3432067005589034	0.11553998229690948	0.046267922672417056
MIR548AG2:20:59136741	adnexa_site_1	0	0.9640401293940384	0.12028258116155811	0.19189726894555978
MIR548AG2:20:59136741	right_ovary_site_1	0	0.9708811478417105	0.08595716140306728	0.15079212118875998
MIR548AG2:20:59136741	right_ovary_site_2	0	0.9773911535765792	0.07686072129872668	0.1291488495214824
MIR548AG2:20:59136741	omentum_site_1	0	0.9139947879866717	0.16535707206853223	0.09731373542828181
MSANTD4:11:105880603	adnexa_site_1	0	0.9900535834621256	0.038902155489021005	0.23083719902805389
MSANTD4:11:105880603	right_ovary_site_1	0	0.9861278756514963	0.040961663592744633	0.22008281573498964
MSANTD4:11:105880603	right_ovary_site_2	0	0.9909882583779321	0.02935276713129237	0.21432996076811894
MSANTD4:11:105880603	omentum_site_1	0	0.946016118567904	0.11965062068950383	0.1763369812099938
MSN:X:64954777	adnexa_site_1	5	0.002107521060398334	0.010546266156788196	0.0
MSN:X:64954777	right_ovary_site_1	5	0.6237942773423165	0.0752010772427454	0.07901091978160436
MSN:X:64954777	right_ovary_site_2	5	0.003306476209438577	0.003754858628406902	0.001618403560487833
MSN:X:64954777	omentum_site_1	5	0.002322480245030568	0.003910668945303785	0.0031861839674916883
NISCH:3:52507763	adnexa_site_1	0	0.9945919017865883	0.01185196198556684	0.28249027237354085
NISCH:3:52507763	right_ovary_site_1	0	0.9922474453970653	0.013328140313119241	0.23942652329749103
NISCH:3:52507763	right_ovary_site_2	0	0.9937870041063835	0.011368244089825903	0.26515151515151514
NISCH:3:52507763	omentum_site_1	0	0.9740423046900456	0.0468155343535982	0.1717902350813743
NKRF:X:118725216	adnexa_site_1	3	0.8794254676283426	0.06791142560909506	0.12518037518037517
NKRF:X:118725216	right_ovary_site_1	3	0.0025469365110642956	0.0031925327349877266	0.0
NKRF:X:118725216	right_ovary_site_2	3	0.003598618080854842	0.004022672093317722	0.0
NKRF:X:118725216	omentum_site_1	3	0.0046181399495816775	0.0028370513612949694	0.0
NOS1:12:117819883	adnexa_site_1	0	0.9575541625764034	0.1044809795159863	0.2363161521999347
NOS1:12:117819883	right_ovary_site_1	0	0.9487759402834203	0.10020281799781527	0.23160412067696837
NOS1:12:117819883	right_ovary_site_2	0	0.9712388185033455	0.07568620265187155	0.21531863418925606
NOS1:12:117819883	omentum_site_1	0	0.8399188400706845	0.22272700393736083	0.15722051325270742
NPHP4:1:5993382	adnexa_site_1	6	0.9423643807843753	0.10849300490491917	0.220935841775205
NPHP4:1:5993382	right_ovary_site_1	6	0.9138717526280812	0.12089827280970249	0.2227508650519031
NPHP4:1:5993382	right_ovary_site_2	6	0.9662593168583462	0.06728727174125736	0.2029096477794793
NPHP4:1:5993382	omentum_site_1	6	0.710259659339577	0.24354888249060666	0.0869140625
NUP93:16:56760286	adnexa_site_1	8	0.0072830945096588945	0.009230044855063362	0.0006751977364799691
NUP93:16:56760286	right_ovary_site_1	8	0.20419492235867023	0.03893809943338774	0.061248733447468645
NUP93:16:56760286	right_ovary_site_2	8	0.006351406808625462	0.0074142834704527035	0.001171760570256811
NUP93:16:56760286	omentum_site_1	8	0.4404636763397345	0.06721638215642785	0.09140543081317569
OPCML:11:133149920	adnexa_site_1	13	0.8118637608022007	0.15161721645762266	0.3097266792077017
OPCML:11:133149920	right_ovary_site_1	13	0.8511326398022778	0.14393260810924932	0.17968463513017968
OPCML:11:133149920	right_ovary_site_2	13	0.8537588077973267	0.1611090425306447	0.15628544011166362
OPCML:11:133149920	omentum_site_1	13	0.5853894827700643	0.1861227380592226	0.09334295744611043
OR10K1:1:158436107	adnexa_site_1	0	0.9736282964256501	0.07775381878194948	0.16125369066545536
OR10K1:1:158436107	right_ovary_site_1	0	0.9649430326185844	0.0786611063469984	0.16954259107093947
OR10K1:1:158436107	right_ovary_site_2	0	0.9830484942780651	0.049795046456910706	0.18368794326241134
OR10K1:1:158436107	omentum_site_1	0	0.871508842628845	0.20233477154548718	0.16018735362997658
OR1L1:9:125424418	adnexa_site_1	8	0.009007541488702461	0.012216184265611472	0.00216998191681736
OR1L1:9:125424418	right_ovary_site_1	8	0.20710029286384432	0.040685055890846346	0.07258367807446409
OR1L1:9:125424418	right_ovary_site_2	8	0.007295672130315607	0.008590094171346036	0.0017518248175182481
OR1L1:9:125424418	omentum_site_1	8	0.44033735169941884	0.0670879892294933	0.09491332764990054
OR51T1:11:4903084	adnexa_site_1	0	0.9286536445782841	0.17090322310907644	0.22807017543859648
OR51T1:11:4903084	right_ovary_site_1	0	0.94942150855969	0.12647287079411165	0.19796954314720813
OR51T1:11:4903084	right_ovary_site_2	0	0.945539966644884	0.1332965142015586	0.2225392296718973
OR51T1:11:4903084	omentum_site_1	0	0.8777451805532701	0.19413514397750506	0.17320261437908496
OR8B12:11:124412623	adnexa_site_1	0	0.9893546995014995	0.03887099641749309	0.2119531731361676
OR8B12:11:124412623	right_ovary_site_1	0	0.9860321101121433	0.03602730098158652	0.210431654676259
OR8B12:11:124412623	right_ovary_site_2	0	0.9910553909618819	0.02495370591734703	0.19356627842484747
OR8B12:11:124412623	omentum_site_1	0	0.9448052231347945	0.12339205726248491	0.15224257738471256
PAPD7:5:6730650	adnexa_site_1	4	0.9304192043994364	0.07334178450166134	0.09901064495929869
PAPD7:5:6730650	right_ovary_site_1	4	0.0035184138762335963	0.0029221191027554915	6.355460929803934e-05
PAPD7:5:6730650	right_ovary_site_2	4	0.0042588465413272575	0.007307617916650386	3.7947783849423196e-05
PAPD7:5:6730650	omentum_site_1	4	0.5364686455697277	0.07693577872615433	0.057119176710294574
PCLO:7:82585414	adnexa_site_1	0	0.976454171036234	0.08315074900409715	0.17454757734967893
PCLO:7:82585414	right_ovary_site_1	0	0.9703601144839046	0.07611112723249541	0.14692601597777005
PCLO:7:82585414	right_ovary_site_2	0	0.9828272866172117	0.0556415969168808	0.12894161723384326
PCLO:7:82585414	omentum_site_1	0	0.9048554788459314	0.17814114906172093	0.13315124615909868
PFKM:12:48501938	adnexa_site_1	0	0.9602472718537921	0.09921760505191322	0.7112359550561798
PFKM:12:48501938	right_ovary_site_1	0	0.9584086158957124	0.09151861525956258	0.6953528399311532
PFKM:12:48501938	right_ovary_site_2	0	0.9679784442539824	0.0867365818408623	0.6794038975926634
PFKM:12:48501938	omentum_site_1	0	0.8851030982905762	0.18032586658078847	0.5737704918032787
PHKB:16:47622842	adnexa_site_1	6	0.9527673424922419	0.06604915649297727	0.24336043360433604
PHKB:16:47622842	right_ovary_site_1	6	0.927577144512041	0.08261737022863969	0.2467986030267753
PHKB:16:47622842	right_ovary_site_2	6	0.9747447362046172	0.034101115511860354	0.2589161648911533
PHKB:16:47622842	omentum_site_1	6	0.7109859986867438	0.235693234528152	0.10838351088466883
PITRM1:10:3202059	adnexa_site_1	0	0.9623983688395427	0.10635874528045554	0.1513431706394249
PITRM1:10:3202059	right_ovary_site_1	0	0.9490388944261229	0.11350482689164401	0.16572807723250202
PITRM1:10:3202059	right_ovary_site_2	0	0.9748940968635379	0.07495130856655283	0.1452690819556806
PITRM1:10:3202059	omentum_site_1	0	0.8467109677267406	0.21452193456641713	0.10755939524838012
PMPCB:7:102952631	adnexa_site_1	0	0.9798905758146357	0.07670925521274509	0.13749260792430515
PMPCB:7:102952631	right_ovary_site_1	0	0.9748763805438475	0.07626297984381933	0.18787878787878787
PMPCB:7:102952631	right_ovary_site_2	0	0.9848168612304576	0.05646689265474635	0.16259426847662142
PMPCB:7:102952631	omentum_site_1	0	0.9215773484468944	0.15930514052786532	0.13942816801976704
PRPF19:11:60665387	adnexa_site_1	0	0.986412239131817	0.04907310004182292	0.18818681318681318
PRPF19:11:60665387	right_ovary_site_1	0	0.9823487755788135	0.05044720848009409	0.21089223638470453
PRPF19:11:60665387	right_ovary_site_2	0	0.9894208906244326	0.032265326637031064	0.2050561797752809
PRPF19:11:60665387	omentum_site_1	0	0.93664661440865	0.13663059036648367	0.14654282765737875
PSME2P2:13:49347798	adnexa_site_1	0	0.9742711572889573	0.0832633129432188	0.14955589916933368
PSME2P2:13:49347798	right_ovary_site_1	0	0.9638419655327464	0.08939963339215014	0.13781601123595505
PSME2P2:13:49347798	right_ovary_site_2	0	0.9816427019795873	0.056499443357966334	0.13222476093763222
PSME2P2:13:49347798	omentum_site_1	0	0.8847942198291141	0.19798646346927387	0.13137135922330098
PTPRM:18:8008075	adnexa_site_1	11	0.12450403780985662	0.04906338040858628	0.056303233656576086
PTPRM:18:8008075	right_ovary_site_1	11	0.2486114472126993	0.06275017176657696	0.07096233089012872
PTPRM:18:8008075	right_ovary_site_2	11	0.05667825624236414	0.023116708542476272	0.01226537818249396
PTPRM:18:8008075	omentum_site_1	11	0.3540021688344324	0.08427501904303673	0.05670041691483026
PTPRN2:7:158078294	adnexa_site_1	5	0.0019790095157274585	0.004727957370024371	0.00020094732309458877
PTPRN2:7:158078294	right_ovary_site_1	5	0.624545018620145	0.07413362021521931	0.14123166334068551
PTPRN2:7:158078294	right_ovary_site_2	5	0.0033992007289222258	0.010579839331121586	0.00033215694415611376
PTPRN2:7:158078294	omentum_site_1	5	0.0023224934113438567	0.007144320738270653	0.00010668563300142248
RAB11FIP1:8:37729271	adnexa_site_1	0	0.8700139707228695	0.2006550496637968	0.2581227436823105
RAB11FIP1:8:37729271	right_ovary_site_1	0	0.884302922966161	0.164172190257256	0.2302250803858521
RAB11FIP1:8:37729271	right_ovary_site_2	0	0.92312500162063	0.14600442144777964	0.1855990068280571
RAB11FIP1:8:37729271	omentum_site_1	0	0.7673718109269704	0.23576223435623167	0.19053708439897699
RFTN1:3:16368339	adnexa_site_1	0	0.9949887631038701	0.006592788396586038	0.2900523560209424
RFTN1:3:16368339	right_ovary_site_1	0	0.9930164592979325	0.00806477622519884	0.28641975308641976
RFTN1:3:16368339	right_ovary_site_2	0	0.9940335883739931	0.007022031867612067	0.27883650952858574
RFTN1:3:16368339	omentum_site_1	0	0.9781823515068149	0.020343849661834258	0.21996466431095407
RNF214:11:117110280	adnexa_site_1	3	0.8557586958798825	0.10992064327961233	0.13865642994241842
RNF214:11:117110280	right_ovary_site_1	3	0.0027664217375890326	0.008221166583952064	5.8995309872865106e-05
RNF214:11:117110280	right_ovary_site_2	3	0.0037639783278437845	0.008154137707871366	7.2782852359984e-05
RNF214:11:117110280	omentum_site_1	3	0.0045858887822837705	0.0025552330286656255	5.1498609537542483e-05
RP11-114G22.1:12:23005960	adnexa_site_1	4	0.9268968906055496	0.08849903373324783	0.12028434245806573
RP11-114G22.1:12:23005960	right_ovary_site_1	4	0.0038902778999020974	0.01165709814367342	0.0010719465287849172
RP11-114G22.1:12:23005960	right_ovary_site_2	4	0.004352041823344095	0.007608160349617684	0.0017348429510591673
RP11-114G22.1:12:23005960	omentum_site_1	4	0.5299367405933957	0.09609266872913205	0.057475698194723035
RP11-131L23.1:1:85759592	adnexa_site_1	11	0.12333545875792809	0.04735209374671248	0.045794919280164256
RP11-131L23.1:1:85759592	right_ovary_site_1	11	0.2469444418136162	0.06161873407731452	0.0613978417438327
RP11-131L23.1:1:85759592	right_ovary_site_2	11	0.05784940352225401	0.02572793594845568	0.022172380647228453
RP11-131L23.1:1:85759592	omentum_site_1	11	0.3558277495470661	0.08408211698689676	0.0542263086406854
RP11-132N15.1:3:187720702	adnexa_site_1	0	0.9949893186356837	0.009073468412627638	0.7026573222368229
RP11-132N15.1:3:187720702	right_ovary_site_1	0	0.9930444323513519	0.006817956616600613	0.6691365777080063
RP11-132N15.1:3:187720702	right_ovary_site_2	0	0.9940322540362624	0.007345568318120311	0.6353967821107173
RP11-132N15.1:3:187720702	omentum_site_1	0	0.9782020985472558	0.020175818802713116	0.5202685899030092
RP11-395G23.3:8:107278322	adnexa_site_1	5	0.0020100634719589883	0.005289501892049646	0.00011202599002968689
RP11-395G23.3:8:107278322	right_ovary_site_1	5	0.6242752969413145	0.07401322781567045	0.09605876536233932
RP11-395G23.3:8:107278322	right_ovary_site_2	5	0.0032843819590699943	0.003934574228985232	0.0
RP11-395G23.3:8:107278322	omentum_site_1	5	0.002366183093717112	0.008524942698419373	0.00011888486001307734
RP11-434D11.4:5:126098192	adnexa_site_1	0	0.9813671664636441	0.06565974025428814	0.17652020550571276
RP11-434D11.4:5:126098192	right_ovary_site_1	0	0.9739281014131209	0.07610188385579568	0.24855163727959698
RP11-434D11.4:5:126098192	right_ovary_site_2	0	0.9864147173371283	0.04578517035460702	0.18268695490814624
RP11-434D11.4:5:126098192	omentum_site_1	0	0.9267570981713772	0.14756305528170707	0.17800793727615913
RP11-580I16.2:17:45685057	adnexa_site_1	15	0.0019390423109367858	0.004337710641027234	1.956640839007592e-05
RP11-580I16.2:17:45685057	right_ovary_site_1	15	0.002504852653159124	0.009361341609899801	4.5354559267070324e-05
RP11-580I16.2:17:45685057	right_ovary_site_2	15	0.00297254313988466	0.0034811775585667608	8.352590695213965e-05
RP11-580I16.2:17:45685057	omentum_site_1	15	0.1065898075573833	0.03031268724566459	0.04555669908214488
RP11-820L6.1:11:122035972	adnexa_site_1	1	0.8873428164281326	0.13738582316284542	0.23215765724284004
RP11-820L6.1:11:122035972	right_ovary_site_1	1	0.8092067335966759	0.1412884411971042	0.15440020953378733
RP11-820L6.1:11:122035972	right_ovary_site_2	1	0.9219142437466528	0.1087964032453163	0.16349908877896382
RP11-820L6.1:11:122035972	omentum_site_1	1	0.49577190777594776	0.13515029467966982	0.07547432066161651
RP3-399L15.3:6:114454171	adnexa_site_1	4	0.9328879055075427	0.06189451634508921	0.1988266371790146
RP3-399L15.3:6:114454171	right_ovary_site_1	4	0.0035942783825311992	0.004558938731841302	0.0001559332605644784
RP3-399L15.3:6:114454171	right_ovary_site_2	4	0.004219177481683309	0.003924222077800297	0.00015778470277306615
RP3-399L15.3:6:114454171	omentum_site_1	4	0.5415388471606671	0.05782933269341819	0.0746788990825688
RP5-1043L13.1:20:58854821	adnexa_site_1	0	0.9782621031825898	0.07996965061761604	0.15891250239326057
RP5-1043L13.1:20:58854821	right_ovary_site_1	0	0.9692275484152637	0.08350552342698735	0.11569241475295755
RP5-1043L13.1:20:58854821	right_ovary_site_2	0	0.9833075230759916	0.059613617939056104	0.15636935520107842
RP5-1043L13.1:20:58854821	omentum_site_1	0	0.9111941711927548	0.17441546621036857	0.11844252739566333
RPL17P45:18:37720257	adnexa_site_1	3	0.8688519687796943	0.08919294775448366	0.14530937205181896
RPL17P45:18:37720257	right_ovary_site_1	3	0.002629897105521759	0.0072269975144606735	0.0
RPL17P45:18:37720257	right_ovary_site_2	3	0.003635182270339972	0.003066490525318013	3.283209665769256e-05
RPL17P45:18:37720257	omentum_site_1	3	0.004592199592124374	0.006154825602493056	4.952701698776683e-05
SCGN:6:25665867	adnexa_site_1	0	0.9810670963843764	0.0670443409815907	0.16198627083890524
SCGN:6:25665867	right_ovary_site_1	0	0.9773637524303693	0.06258573280802718	0.1892688152843496
SCGN:6:25665867	right_ovary_site_2	0	0.9864836985609622	0.04261054505867437	0.14967182372245663
SCGN:6:25665867	omentum_site_1	0	0.9167405857111991	0.1565002744288842	0.19380426626648087
SLC16A12:10:91198878	adnexa_site_1	0	0.9905156134037947	0.03546213693596574	0.22602507624534057
SLC16A12:10:91198878	right_ovary_site_1	0	0.986094466524249	0.041505078495250695	0.22972972972972974
SLC16A12:10:91198878	right_ovary_site_2	0	0.9912447424291244	0.025015818530804836	0.2003048780487805
SLC16A12:10:91198878	omentum_site_1	0	0.948236211869331	0.11655830430594305	0.17285339332583427
SLC22A18:11:2937906	adnexa_site_1	3	0.868371402719726	0.09182201801112876	0.12264150943396226
SLC22A18:11:2937906	right_ovary_site_1	3	0.002645847594798953	0.002880087778846684	0.0
SLC22A18:11:2937906	right_ovary_site_2	3	0.0036759669676441754	0.006522431554212963	0.0
SLC22A18:11:2937906	omentum_site_1	3	0.004717218490740207	0.009708034843074654	0.0
SLC29A3:10:73122362	adnexa_site_1	0	0.9455472384146988	0.11282398945346217	0.23538788522848034
SLC29A3:10:73122362	right_ovary_site_1	0	0.9056300967419003	0.13811581353877098	0.2595797280593325
SLC29A3:10:73122362	right_ovary_site_2	0	0.9626903191405031	0.08517706546048065	0.22289156626506024
SLC29A3:10:73122362	omentum_site_1	0	0.7482513495339576	0.24568611534036258	0.09145129224652088
SMARCA4:19:11138522	adnexa_site_1	0	0.9874104661533409	0.047680520639097966	0.1740306582506763
SMARCA4:19:11138522	right_ovary_site_1	0	0.9830856170821116	0.04729199350442879	0.17552742616033756
SMARCA4:19:11138522	right_ovary_site_2	0	0.9900706576238159	0.029387534851911264	0.19078947368421054
SMARCA4:19:11138522	omentum_site_1	0	0.9387076046101646	0.13398413247479443	0.13809154383242825
SNORA73:7:54932250	adnexa_site_1	9	0.0014151375031054108	0.007439916660545817	0.0
SNORA73:7:54932250	right_ovary_site_1	9	0.002057353162869303	0.009069029482504978	0.0
SNORA73:7:54932250	right_ovary_site_2	9	0.4975416689865503	0.05152137853559646	0.07883344725449988
SNORA73:7:54932250	omentum_site_1	9	0.0018719972764983258	0.003639240443854877	0.00012385434728758978
SOD1:21:33039466	adnexa_site_1	2	0.01384878120992168	0.017034147201932612	0.01301545585382642
SOD1:21:33039466	right_ovary_site_1	2	0.5900233546568471	0.06223597243916388	0.14373917626684737
SOD1:21:33039466	right_ovary_site_2	2	0.8802960103354984	0.13326702854222025	0.19882013870125193
SOD1:21:33039466	omentum_site_1	2	0.5040771787689925	0.10093924970396977	0.128337738957208
SPAG16:2:214261350	adnexa_site_1	2	0.010394270370795997	0.01020206726631059	0.0034071550255536627
SPAG16:2:214261350	right_ovary_site_1	2	0.6000493891572617	0.06983507696067605	0.12237833435145591
SPAG16:2:214261350	right_ovary_site_2	2	0.8809572316736327	0.1315797625380861	0.16381082933516106
SPAG16:2:214261350	omentum_site_1	2	0.4913706375719183	0.07065124744460423	0.08966934429291985
SPEG:2:220338559	adnexa_site_1	0	0.9861791881948817	0.053588025654079205	0.1985731272294887
SPEG:2:220338559	right_ovary_site_1	0	0.984048090633222	0.04580392062649683	0.1797631862217438
SPEG:2:220338559	right_ovary_site_2	0	0.9880427529339815	0.044313203255529725	0.20773313115996966
SPEG:2:220338559	omentum_site_1	0	0.9425763767647175	0.12638985120671983	0.16085271317829458
SRGAP1:12:64360865	adnexa_site_1	4	0.9327584402982542	0.06278866426832272	0.18218694885361553
SRGAP1:12:64360865	right_ovary_site_1	4	0.0035901503004768273	0.004143576772974155	0.00027199782401740786
SRGAP1:12:64360865	right_ovary_site_2	4	0.004220854711017982	0.003875786083949595	0.0
SRGAP1:12:64360865	omentum_site_1	4	0.5413970589326044	0.0585142280549936	0.07333607230895645
STAG2:X:123215233	adnexa_site_1	3	0.8606516131993552	0.10943690960837069	0.11886304909560723
STAG2:X:123215233	right_ovary_site_1	3	0.0029917477615056354	0.004447849685578176	0.0027183146449201497
STAG2:X:123215233	right_ovary_site_2	3	0.003882048262904763	0.007194313881378018	0.0034207525655644243
STAG2:X:123215233	omentum_site_1	3	0.00516170929595528	0.007795117580735978	0.004688546550569324
SUMF1:3:4412998	adnexa_site_1	3	0.8870273327446808	0.04620908258150066	0.354215351429085
SUMF1:3:4412998	right_ovary_site_1	3	0.002585341704378052	0.009747113881959143	0.0004162330905306972
SUMF1:3:4412998	right_ovary_site_2	3	0.003572409606793162	0.00384948005285086	0.0018167504390480228
SUMF1:3:4412998	omentum_site_1	3	0.004797881457664437	0.008634649516814629	0.0010227040294538761
SYTL2:11:85438868	adnexa_site_1	0	0.9890550273158905	0.04001061599931582	0.2379170564390396
SYTL2:11:85438868	right_ovary_site_1	0	0.9847449874925803	0.04242593813516927	0.2283174992338339
SYTL2:11:85438868	right_ovary_site_2	0	0.9907110895018364	0.028753953907193108	0.20791146691782433
SYTL2:11:85438868	omentum_site_1	0	0.9367729389162454	0.13207668138792786	0.19586820083682008
TENM2:5:167359769	adnexa_site_1	0	0.9580800954208473	0.10799727477293815	0.2934065934065934
TENM2:5:167359769	right_ovary_site_1	0	0.9669353013721116	0.09281983868421788	0.24219500480307396
TENM2:5:167359769	right_ovary_site_2	0	0.9694172139580993	0.08016745704629878	0.19663678908542873
TENM2:5:167359769	omentum_site_1	0	0.9185459677952457	0.15382052393667858	0.16108429261047158
TM4SF2:X:38037775	adnexa_site_1	3	0.8868743887194814	0.046488660335949616	0.34029042349535416
TM4SF2:X:38037775	right_ovary_site_1	3	0.002509449708532989	0.002724379977077609	0.0004279478474223275
TM4SF2:X:38037775	right_ovary_site_2	3	0.0035446408935144312	0.0014876922928130382	0.0008761784600287387
TM4SF2:X:38037775	omentum_site_1	3	0.004770712195145753	0.006642000116005761	0.0009273940227959434
TNNT1:19:55660538	adnexa_site_1	0	0.9774394623578493	0.07470018915355577	0.31123388581952116
TNNT1:19:55660538	right_ovary_site_1	0	0.9757773453637337	0.0641001477276476	0.22962962962962963
TNNT1:19:55660538	right_ovary_site_2	0	0.9809880325005984	0.06529244540729526	0.2717872968980798
TNNT1:19:55660538	omentum_site_1	0	0.9151727042159713	0.1593069988194157	0.19374068554396423
TP53:17:7578406	adnexa_site_1	0	0.9950438700856051	0.005246752999927196	0.6155419222903885
TP53:17:7578406	right_ovary_site_1	0	0.993008423826137	0.00978946040668668	0.556734693877551
TP53:17:7578406	right_ovary_site_2	0	0.9940516016675345	0.006940222556257684	0.5721611721611721
TP53:17:7578406	omentum_site_1	0	0.9782303998185605	0.02127843095496785	0.4183750949126803
TSPAN16:19:11408883	adnexa_site_1	0	0.9870346689124156	0.04813256407774726	0.20795454545454545
TSPAN16:19:11408883	right_ovary_site_1	0	0.9827733541963366	0.046734704449602656	0.17465753424657535
TSPAN16:19:11408883	right_ovary_site_2	0	0.9897459081422412	0.030919075259272774	0.1626195732155997
TSPAN16:19:11408883	omentum_site_1	0	0.9368256038934002	0.13552189808231224	0.14680483592400692
TSSC1:2:3313364	adnexa_site_1	1	0.8741669595113173	0.14031775738430147	0.17988580473740742
TSSC1:2:3313364	right_ovary_site_1	1	0.7994938802222076	0.15259243726694116	0.15524461743114745
TSSC1:2:3313364	right_ovary_site_2	1	0.917826103258816	0.11994739375680606	0.17025154939846884
TSSC1:2:3313364	omentum_site_1	1	0.4381925799459677	0.1093815867855881	0.03798203909138933
TTN:2:179413984	adnexa_site_1	0	0.9736914007447643	0.08005563036739899	0.2617960426179604
TTN:2:179413984	right_ovary_site_1	0	0.9709648607281528	0.06963024838382618	0.17489421720733428
TTN:2:179413984	right_ovary_site_2	0	0.9820842228136386	0.053376774688007625	0.15679012345679014
TTN:2:179413984	omentum_site_1	0	0.8918014640930798	0.1823848734259079	0.22796352583586627
UNK:17:73809939	adnexa_site_1	0	0.9846734906915011	0.05971749961330969	0.41013553329404834
UNK:17:73809939	right_ovary_site_1	0	0.984706723637765	0.05146464724225717	0.40834845735027225
UNK:17:73809939	right_ovary_site_2	0	0.985852100550677	0.052191905562299024	0.41786600496277915
UNK:17:73809939	omentum_site_1	0	0.9622420295633412	0.07557384727746684	0.37067545304777594
X:133248423	adnexa_site_1	15	0.0019076660922138487	0.0031462220373722084	8.738203425375742e-05
X:133248423	right_ovary_site_1	15	0.0024960151835791704	0.006975967334446987	0.0001314276326597667
X:133248423	right_ovary_site_2	15	0.003019416742831956	0.0044419747998705236	7.24874053133268e-05
X:133248423	omentum_site_1	15	0.10738031365621069	0.03322542006265954	0.06358811399208952
X:148151056	adnexa_site_1	0	0.9771573145450737	0.09149224394481269	0.18034557235421167
X:148151056	right_ovary_site_1	0	0.977864833323601	0.06895904587256779	0.17283727105398147
X:148151056	right_ovary_site_2	0	0.9815996073130682	0.0691464497987888	0.21108543312956612
X:148151056	omentum_site_1	0	0.9280029835568298	0.14953110403375072	0.1512511878365537
X:149458245	adnexa_site_1	5	0.0020110881444414335	0.008140776156510071	0.00014083316902796948
X:149458245	right_ovary_site_1	5	0.6244537557537939	0.07417217640034796	0.09877660570501218
X:149458245	right_ovary_site_2	5	0.0033384219285047365	0.006036145532167958	0.0003177250883672902
X:149458245	omentum_site_1	5	0.0023545967353660957	0.009025138620713725	0.0
X:4378165	adnexa_site_1	3	0.8869580472131791	0.047005943010396595	0.37915551725701846
X:4378165	right_ovary_site_1	3	0.002585496538878043	0.009762285023418605	0.00018396725382881847
X:4378165	right_ovary_site_2	3	0.003586333749903796	0.005182959412884984	0.0003832151753209427
X:4378165	omentum_site_1	3	0.0047565682506754345	0.004881892059904336	0.0002162045294848927
X:63986023	adnexa_site_1	5	0.0019989270449835505	0.005098485328491528	0.0007499625018749063
X:63986023	right_ovary_site_1	5	0.6245015527072157	0.07451837332448108	0.1261355225085795
X:63986023	right_ovary_site_2	5	0.0033378389036051665	0.005498204033851592	0.0007948460508701473
X:63986023	omentum_site_1	5	0.0023772867577844755	0.009847104854383202	0.00046063490844881197
ZFHX4:8:77766596	adnexa_site_1	0	0.9044164877815063	0.18290720168224445	0.18445040214477212
ZFHX4:8:77766596	right_ovary_site_1	0	0.9218852749216904	0.1361351481880544	0.16738461538461538
ZFHX4:8:77766596	right_ovary_site_2	0	0.9006800805782655	0.17139833723015194	0.12036553524804178
ZFHX4:8:77766596	omentum_site_1	0	0.8322814563895208	0.21786938485318286	0.14203202940404305
ZMAT4:8:40471692	adnexa_site_1	2	0.009672418836698424	0.007339605576803829	0.0006322611238441477
ZMAT4:8:40471692	right_ovary_site_1	2	0.6001490499530571	0.06658008753622001	0.13387319770886827
ZMAT4:8:40471692	right_ovary_site_2	2	0.8625332852715455	0.14429336625716188	0.2651767688623879
ZMAT4:8:40471692	omentum_site_1	2	0.4844544461485968	0.059319154782908126	0.07945275633756448
ZNF366:5:71756583	adnexa_site_1	0	0.9808103454477163	0.06919979608229189	0.32432432432432434
ZNF366:5:71756583	right_ovary_site_1	0	0.9796381682142861	0.06106411960098411	0.2648401826484018
ZNF366:5:71756583	right_ovary_site_2	0	0.9842996211017541	0.057846143254200844	0.23369565217391305
ZNF366:5:71756583	omentum_site_1	0	0.9360241018716037	0.13339342129747758	0.1814516129032258
ZNF75D:X:134430423	adnexa_site_1	4	0.9326589088379443	0.0632551138382629	0.18025150188371855
ZNF75D:X:134430423	right_ovary_site_1	4	0.003624942852984334	0.006644430781748376	0.002018995620770062
ZNF75D:X:134430423	right_ovary_site_2	4	0.004271923378938965	0.0073391536774153115	0.0017450788775652658
ZNF75D:X:134430423	omentum_site_1	4	0.5415974715698987	0.05778190788044506	0.08536763204713156
ZNF772:19:57984977	adnexa_site_1	3	0.8760786248834682	0.07888577466659831	0.1822233226046051
ZNF772:19:57984977	right_ovary_site_1	3	0.002661673423777748	0.005858519434296675	0.0007522567703109327
ZNF772:19:57984977	right_ovary_site_2	3	0.0036450442935373963	0.0046762686379187846	0.00038804811796662784
ZNF772:19:57984977	omentum_site_1	3	0.0048450450512874735	0.01006816138554548	0.0004227436060029592
snoU13:8:102854757	adnexa_site_1	5	0.0020390414195463683	0.009674849235345442	0.00030688539225532866
snoU13:8:102854757	right_ovary_site_1	5	0.6245667479667303	0.07415711139466966	0.17530103612433492
snoU13:8:102854757	right_ovary_site_2	5	0.00338956694540362	0.009273205115228306	0.0008066881783514227
snoU13:8:102854757	omentum_site_1	5	0.0022842842231568434	0.0034064943160380602	0.0004432755105056296
