5 #anatomical sites							
5 #samples							
10 #mutations							
#sample_index	sample_label	anatomical_site_index	anatomical_site_label	character_index	character_label	ref	var
0	P	0	P	0	18;20;21;24;27;33;37;40	1542	5
0	P	0	P	1	28;30;31;34;35	975	1
0	P	0	P	2	32	184	0
0	P	0	P	3	8;13;19;22;26	969	1
0	P	0	P	4	6;9;12;15;16;23;25	1411	0
0	P	0	P	5	5;7;14;17	835	1
0	P	0	P	6	10;11	415	0
0	P	0	P	7	4	232	0
0	P	0	P	8	3	173	17
0	P	0	P	9	0;1;2	319	294
1	M1	1	M1	0	18;20;21;24;27;33;37;40	1363	210
1	M1	1	M1	1	28;30;31;34;35	1030	0
1	M1	1	M1	2	32	201	0
1	M1	1	M1	3	8;13;19;22;26	1037	1
1	M1	1	M1	4	6;9;12;15;16;23;25	1365	2
1	M1	1	M1	5	5;7;14;17	408	380
1	M1	1	M1	6	10;11	430	2
1	M1	1	M1	7	4	190	0
1	M1	1	M1	8	3	217	1
1	M1	1	M1	9	0;1;2	329	279
2	M2	2	M2	0	18;20;21;24;27;33;37;40	1615	1
2	M2	2	M2	1	28;30;31;34;35	851	110
2	M2	2	M2	2	32	200	0
2	M2	2	M2	3	8;13;19;22;26	998	1
2	M2	2	M2	4	6;9;12;15;16;23;25	1405	2
2	M2	2	M2	5	5;7;14;17	723	0
2	M2	2	M2	6	10;11	216	213
2	M2	2	M2	7	4	198	1
2	M2	2	M2	8	3	182	0
2	M2	2	M2	9	0;1;2	287	269
3	M3	3	M3	0	18;20;21;24;27;33;37;40	1645	2
3	M3	3	M3	1	28;30;31;34;35	1017	0
3	M3	3	M3	2	32	175	33
3	M3	3	M3	3	8;13;19;22;26	510	503
3	M3	3	M3	4	6;9;12;15;16;23;25	1350	1
3	M3	3	M3	5	5;7;14;17	778	1
3	M3	3	M3	6	10;11	366	0
3	M3	3	M3	7	4	181	1
3	M3	3	M3	8	3	94	98
3	M3	3	M3	9	0;1;2	325	288
4	M4	4	M4	0	18;20;21;24;27;33;37;40	1607	2
4	M4	4	M4	1	28;30;31;34;35	953	0
4	M4	4	M4	2	32	213	0
4	M4	4	M4	3	8;13;19;22;26	1036	0
4	M4	4	M4	4	6;9;12;15;16;23;25	711	697
4	M4	4	M4	5	5;7;14;17	800	1
4	M4	4	M4	6	10;11	402	0
4	M4	4	M4	7	4	190	0
4	M4	4	M4	8	3	209	0
4	M4	4	M4	9	0;1;2	316	316